date,draw_time,d1,d2,d3,combo
2022-01-02,2PM,2,2,2,222
2022-01-02,5PM,3,5,1,351
2022-01-02,9PM,1,8,6,186
2022-01-03,2PM,5,8,0,580
2022-01-03,5PM,0,7,3,073
2022-01-03,9PM,0,3,0,030
2022-01-04,2PM,0,2,8,028
2022-01-04,5PM,2,2,3,223
2022-01-04,9PM,8,6,4,864
2022-01-05,2PM,1,9,3,193
2022-01-05,5PM,6,3,6,636
2022-01-05,9PM,2,9,2,292
2022-01-06,2PM,5,4,4,544
2022-01-06,5PM,3,1,0,310
2022-01-06,9PM,9,6,4,964
2022-01-07,2PM,7,7,3,773
2022-01-07,5PM,0,8,9,089
2022-01-07,9PM,9,1,9,919
2022-01-08,2PM,5,8,7,587
2022-01-08,5PM,3,9,1,391
2022-01-08,9PM,8,6,8,868
2022-01-09,2PM,3,3,3,333
2022-01-09,5PM,6,2,7,627
2022-01-09,9PM,7,4,4,744
2022-01-10,2PM,2,2,8,228
2022-01-10,5PM,0,4,0,040
2022-01-10,9PM,4,3,2,432
2022-01-11,2PM,0,5,8,058
2022-01-11,5PM,3,2,0,320
2022-01-11,9PM,0,9,0,090
2022-01-12,2PM,5,0,3,503
2022-01-12,5PM,0,9,5,095
2022-01-12,9PM,1,4,5,145
2022-01-13,2PM,9,8,4,984
2022-01-13,5PM,3,3,5,335
2022-01-13,9PM,3,8,7,387
2022-01-14,2PM,0,2,5,025
2022-01-14,5PM,1,5,1,151
2022-01-14,9PM,8,4,3,843
2022-01-15,2PM,7,8,0,780
2022-01-15,5PM,3,8,6,386
2022-01-15,9PM,4,2,5,425
2022-01-16,2PM,8,6,3,863
2022-01-16,5PM,3,6,2,362
2022-01-16,9PM,8,6,7,867
2022-01-17,2PM,2,7,3,273
2022-01-17,5PM,6,6,5,665
2022-01-17,9PM,7,7,4,774
2022-01-18,2PM,3,7,4,374
2022-01-18,5PM,3,9,9,399
2022-01-18,9PM,2,2,1,221
2022-01-19,2PM,2,7,7,277
2022-01-19,5PM,8,9,4,894
2022-01-19,9PM,7,8,9,789
2022-01-20,2PM,6,4,1,641
2022-01-20,5PM,7,7,4,774
2022-01-20,9PM,0,5,1,051
2022-01-21,2PM,1,5,4,154
2022-01-21,5PM,8,5,5,855
2022-01-21,9PM,1,5,6,156
2022-01-22,2PM,1,7,6,176
2022-01-22,5PM,4,2,3,423
2022-01-22,9PM,2,5,3,253
2022-01-23,2PM,3,1,7,317
2022-01-23,5PM,5,1,5,515
2022-01-23,9PM,3,2,9,329
2022-01-24,2PM,3,4,2,342
2022-01-24,5PM,6,0,2,602
2022-01-24,9PM,3,6,1,361
2022-01-25,2PM,1,3,9,139
2022-01-25,5PM,8,3,1,831
2022-01-25,9PM,4,9,4,494
2022-01-26,2PM,7,4,7,747
2022-01-26,5PM,1,5,4,154
2022-01-26,9PM,6,9,3,693
2022-01-27,2PM,3,4,7,347
2022-01-27,5PM,7,6,3,763
2022-01-27,9PM,3,4,2,342
2022-01-28,2PM,9,5,3,953
2022-01-28,5PM,2,3,7,237
2022-01-28,9PM,8,9,5,895
2022-01-29,2PM,1,5,0,150
2022-01-29,5PM,1,9,3,193
2022-01-29,9PM,2,4,3,243
2022-01-30,2PM,7,2,8,728
2022-01-30,5PM,1,2,9,129
2022-01-30,9PM,3,2,4,324
2022-01-31,2PM,2,3,2,232
2022-01-31,5PM,9,4,6,946
2022-01-31,9PM,3,9,1,391
2022-02-01,2PM,5,5,9,559
2022-02-01,5PM,9,5,0,950
2022-02-01,9PM,8,4,7,847
2022-02-02,2PM,2,5,9,259
2022-02-02,5PM,2,6,2,262
2022-02-02,9PM,3,5,3,353
2022-02-03,2PM,4,4,4,444
2022-02-03,5PM,8,0,6,806
2022-02-03,9PM,5,8,8,588
2022-02-04,2PM,8,0,3,803
2022-02-04,5PM,4,5,7,457
2022-02-04,9PM,1,7,7,177
2022-02-05,2PM,9,9,8,998
2022-02-05,5PM,1,4,5,145
2022-02-05,9PM,2,3,0,230
2022-02-06,2PM,1,6,7,167
2022-02-06,5PM,9,0,3,903
2022-02-06,9PM,8,2,6,826
2022-02-07,2PM,7,0,0,700
2022-02-07,5PM,0,4,5,045
2022-02-07,9PM,1,1,6,116
2022-02-08,2PM,2,0,3,203
2022-02-08,5PM,0,6,9,069
2022-02-08,9PM,1,0,5,105
2022-02-09,2PM,3,8,9,389
2022-02-09,5PM,5,6,1,561
2022-02-09,9PM,7,3,7,737
2022-02-10,2PM,1,8,6,186
2022-02-10,5PM,0,0,6,006
2022-02-10,9PM,2,4,0,240
2022-02-11,2PM,9,9,6,996
2022-02-11,5PM,8,3,6,836
2022-02-11,9PM,8,2,7,827
2022-02-12,2PM,4,9,7,497
2022-02-12,5PM,4,3,8,438
2022-02-12,9PM,6,1,4,614
2022-02-13,2PM,3,8,7,387
2022-02-13,5PM,6,9,3,693
2022-02-13,9PM,7,9,4,794
2022-02-14,2PM,7,3,1,731
2022-02-14,5PM,6,5,6,656
2022-02-14,9PM,2,8,2,282
2022-02-15,2PM,5,8,3,583
2022-02-15,5PM,3,6,6,366
2022-02-15,9PM,8,0,5,805
2022-02-16,2PM,7,3,1,731
2022-02-16,5PM,4,2,2,422
2022-02-16,9PM,1,6,9,169
2022-02-17,2PM,2,2,9,229
2022-02-17,5PM,2,7,7,277
2022-02-17,9PM,2,8,1,281
2022-02-18,2PM,2,5,8,258
2022-02-18,5PM,4,7,8,478
2022-02-18,9PM,6,0,6,606
2022-02-19,2PM,4,6,2,462
2022-02-19,5PM,2,0,8,208
2022-02-19,9PM,2,4,6,246
2022-02-20,2PM,7,9,8,798
2022-02-20,5PM,3,2,0,320
2022-02-20,9PM,7,9,7,797
2022-02-21,2PM,5,5,3,553
2022-02-21,5PM,2,5,3,253
2022-02-21,9PM,6,6,4,664
2022-02-22,2PM,4,4,0,440
2022-02-22,5PM,6,0,1,601
2022-02-22,9PM,7,7,6,776
2022-02-23,2PM,7,6,1,761
2022-02-23,5PM,5,4,2,542
2022-02-23,9PM,9,3,9,939
2022-02-24,2PM,6,1,7,617
2022-02-24,5PM,5,6,4,564
2022-02-24,9PM,1,8,6,186
2022-02-25,2PM,7,9,7,797
2022-02-25,5PM,6,5,8,658
2022-02-25,9PM,4,2,7,427
2022-02-26,2PM,3,7,6,376
2022-02-26,5PM,8,5,7,857
2022-02-26,9PM,5,9,3,593
2022-02-27,2PM,3,1,9,319
2022-02-27,5PM,7,2,7,727
2022-02-27,9PM,5,6,7,567
2022-02-28,2PM,9,2,8,928
2022-02-28,5PM,0,7,3,073
2022-02-28,9PM,6,1,5,615
2022-03-01,2PM,9,5,7,957
2022-03-01,5PM,9,1,1,911
2022-03-01,9PM,4,8,9,489
2022-03-02,2PM,5,6,5,565
2022-03-02,5PM,7,8,7,787
2022-03-02,9PM,0,6,6,066
2022-03-03,2PM,8,2,8,828
2022-03-03,5PM,3,6,7,367
2022-03-03,9PM,5,1,4,514
2022-03-04,2PM,0,1,8,018
2022-03-04,5PM,9,7,2,972
2022-03-04,9PM,3,8,5,385
2022-03-05,2PM,3,9,8,398
2022-03-05,5PM,3,1,6,316
2022-03-05,9PM,7,4,2,742
2022-03-06,2PM,7,0,4,704
2022-03-06,5PM,1,9,6,196
2022-03-06,9PM,0,6,3,063
2022-03-07,2PM,6,8,9,689
2022-03-07,5PM,5,6,8,568
2022-03-07,9PM,2,1,1,211
2022-03-08,2PM,4,8,8,488
2022-03-08,5PM,1,3,0,130
2022-03-08,9PM,4,3,5,435
2022-03-09,2PM,5,8,4,584
2022-03-09,5PM,3,9,2,392
2022-03-09,9PM,2,3,2,232
2022-03-10,2PM,5,4,5,545
2022-03-10,5PM,6,4,6,646
2022-03-10,9PM,5,9,7,597
2022-03-11,2PM,4,8,7,487
2022-03-11,5PM,6,5,6,656
2022-03-11,9PM,8,4,0,840
2022-03-12,2PM,7,6,3,763
2022-03-12,5PM,4,2,6,426
2022-03-12,9PM,5,4,9,549
2022-03-13,2PM,7,2,2,722
2022-03-13,5PM,9,0,5,905
2022-03-13,9PM,3,5,1,351
2022-03-14,2PM,0,9,2,092
2022-03-14,5PM,7,8,0,780
2022-03-14,9PM,2,4,7,247
2022-03-15,2PM,6,1,8,618
2022-03-15,5PM,1,6,5,165
2022-03-15,9PM,6,0,8,608
2022-03-16,2PM,7,9,1,791
2022-03-16,5PM,6,9,0,690
2022-03-16,9PM,4,1,2,412
2022-03-17,2PM,2,9,5,295
2022-03-17,5PM,5,7,4,574
2022-03-17,9PM,8,4,4,844
2022-03-18,2PM,2,3,6,236
2022-03-18,5PM,4,9,0,490
2022-03-18,9PM,6,5,6,656
2022-03-19,2PM,0,3,6,036
2022-03-19,5PM,7,4,9,749
2022-03-19,9PM,3,8,0,380
2022-03-20,2PM,8,0,3,803
2022-03-20,5PM,6,9,5,695
2022-03-20,9PM,5,6,5,565
2022-03-21,2PM,1,8,9,189
2022-03-21,5PM,5,4,3,543
2022-03-21,9PM,9,5,1,951
2022-03-22,2PM,1,6,0,160
2022-03-22,5PM,1,2,8,128
2022-03-22,9PM,4,6,0,460
2022-03-23,2PM,3,5,0,350
2022-03-23,5PM,5,4,2,542
2022-03-23,9PM,6,0,5,605
2022-03-24,2PM,6,5,4,654
2022-03-24,5PM,5,7,2,572
2022-03-24,9PM,0,5,9,059
2022-03-25,2PM,4,1,6,416
2022-03-25,5PM,6,4,3,643
2022-03-25,9PM,1,0,9,109
2022-03-26,2PM,3,7,2,372
2022-03-26,5PM,9,4,7,947
2022-03-26,9PM,9,2,0,920
2022-03-27,2PM,7,2,3,723
2022-03-27,5PM,4,1,8,418
2022-03-27,9PM,7,8,7,787
2022-03-28,2PM,5,1,3,513
2022-03-28,5PM,3,2,9,329
2022-03-28,9PM,2,9,9,299
2022-03-29,2PM,4,8,5,485
2022-03-29,5PM,2,6,2,262
2022-03-29,9PM,0,9,7,097
2022-03-30,2PM,3,2,7,327
2022-03-30,5PM,5,4,2,542
2022-03-30,9PM,1,1,7,117
2022-03-31,2PM,9,6,4,964
2022-03-31,5PM,6,2,9,629
2022-03-31,9PM,1,9,0,190
2022-04-10,2PM,5,6,1,561
2022-04-10,5PM,6,0,6,606
2022-04-10,9PM,2,6,8,268
2022-04-11,2PM,0,4,3,043
2022-04-11,5PM,9,5,4,954
2022-04-11,9PM,7,7,8,778
2022-04-12,2PM,8,6,6,866
2022-04-12,5PM,7,4,2,742
2022-04-12,9PM,8,0,7,807
2022-04-13,2PM,1,3,9,139
2022-04-13,5PM,4,7,8,478
2022-04-13,9PM,5,1,7,517
2022-04-18,2PM,8,3,9,839
2022-04-18,5PM,3,5,5,355
2022-04-18,9PM,3,6,8,368
2022-04-19,2PM,0,6,5,065
2022-04-19,5PM,8,1,8,818
2022-04-19,9PM,7,1,2,712
2022-04-20,2PM,7,5,1,751
2022-04-20,5PM,1,2,6,126
2022-04-20,9PM,6,0,6,606
2022-04-21,2PM,2,8,1,281
2022-04-21,5PM,8,4,6,846
2022-04-21,9PM,8,7,1,871
2022-04-22,2PM,6,9,3,693
2022-04-22,5PM,1,4,9,149
2022-04-22,9PM,9,0,4,904
2022-04-23,2PM,8,3,5,835
2022-04-23,5PM,4,6,6,466
2022-04-23,9PM,5,1,2,512
2022-04-24,2PM,0,7,2,072
2022-04-24,5PM,3,2,9,329
2022-04-24,9PM,2,8,7,287
2022-04-25,2PM,5,3,0,530
2022-04-25,5PM,4,1,9,419
2022-04-25,9PM,2,6,1,261
2022-04-26,2PM,7,3,2,732
2022-04-26,5PM,5,5,9,559
2022-04-26,9PM,8,5,2,852
2022-04-27,2PM,3,7,0,370
2022-04-27,5PM,6,4,9,649
2022-04-27,9PM,0,3,9,039
2022-04-28,2PM,4,4,0,440
2022-04-28,5PM,9,3,2,932
2022-04-28,9PM,0,9,9,099
2022-04-29,2PM,1,3,6,136
2022-04-29,5PM,1,9,0,190
2022-04-29,9PM,1,7,3,173
2022-04-30,2PM,1,0,0,100
2022-04-30,5PM,9,6,1,961
2022-04-30,9PM,8,9,3,893
2022-05-01,2PM,1,7,0,170
2022-05-01,5PM,1,9,7,197
2022-05-01,9PM,2,7,7,277
2022-05-02,2PM,1,0,3,103
2022-05-02,5PM,8,8,5,885
2022-05-02,9PM,4,6,4,464
2022-05-03,2PM,3,2,7,327
2022-05-03,5PM,4,1,2,412
2022-05-03,9PM,6,4,8,648
2022-05-04,2PM,2,0,2,202
2022-05-04,5PM,0,7,2,072
2022-05-04,9PM,8,3,8,838
2022-05-05,2PM,0,6,2,062
2022-05-05,5PM,0,4,8,048
2022-05-05,9PM,7,0,9,709
2022-05-06,2PM,0,2,7,027
2022-05-06,5PM,9,4,8,948
2022-05-06,9PM,5,8,0,580
2022-05-07,2PM,2,8,5,285
2022-05-07,5PM,4,0,6,406
2022-05-07,9PM,2,5,7,257
2022-05-08,2PM,9,7,6,976
2022-05-08,5PM,1,3,9,139
2022-05-08,9PM,7,6,2,762
2022-05-09,2PM,7,1,9,719
2022-05-09,5PM,8,9,7,897
2022-05-09,9PM,8,8,4,884
2022-05-10,2PM,5,4,0,540
2022-05-10,5PM,6,2,4,624
2022-05-10,9PM,4,0,4,404
2022-05-11,2PM,1,1,0,110
2022-05-11,5PM,3,1,1,311
2022-05-11,9PM,9,1,4,914
2022-05-12,2PM,9,5,2,952
2022-05-12,5PM,5,0,2,502
2022-05-12,9PM,2,2,8,228
2022-05-13,2PM,6,8,2,682
2022-05-13,5PM,7,5,5,755
2022-05-13,9PM,6,2,0,620
2022-05-14,2PM,6,4,9,649
2022-05-14,5PM,6,3,3,633
2022-05-14,9PM,3,7,4,374
2022-05-15,2PM,0,8,4,084
2022-05-15,5PM,5,1,7,517
2022-05-15,9PM,8,8,9,889
2022-05-16,2PM,9,9,2,992
2022-05-16,5PM,1,2,9,129
2022-05-16,9PM,0,6,8,068
2022-05-17,2PM,4,5,1,451
2022-05-17,5PM,7,0,7,707
2022-05-17,9PM,1,3,7,137
2022-05-18,2PM,8,6,2,862
2022-05-18,5PM,5,1,4,514
2022-05-18,9PM,6,9,9,699
2022-05-19,2PM,1,0,6,106
2022-05-19,5PM,6,3,0,630
2022-05-19,9PM,6,6,1,661
2022-05-20,2PM,2,4,9,249
2022-05-20,5PM,1,4,8,148
2022-05-20,9PM,9,6,7,967
2022-05-21,2PM,7,7,8,778
2022-05-21,5PM,2,3,9,239
2022-05-21,9PM,2,3,6,236
2022-05-22,2PM,3,8,0,380
2022-05-22,5PM,3,4,4,344
2022-05-22,9PM,5,7,6,576
2022-05-23,2PM,2,7,3,273
2022-05-23,5PM,1,2,0,120
2022-05-23,9PM,4,7,0,470
2022-05-24,2PM,2,0,3,203
2022-05-24,5PM,9,0,6,906
2022-05-24,9PM,0,7,4,074
2022-05-25,2PM,0,7,0,070
2022-05-25,5PM,7,6,5,765
2022-05-25,9PM,8,8,7,887
2022-05-26,2PM,3,4,1,341
2022-05-26,5PM,1,2,0,120
2022-05-26,9PM,3,6,5,365
2022-05-27,2PM,7,7,3,773
2022-05-27,5PM,4,9,4,494
2022-05-27,9PM,6,6,9,669
2022-05-28,2PM,9,8,3,983
2022-05-28,5PM,6,3,7,637
2022-05-28,9PM,2,1,6,216
2022-05-29,2PM,5,7,0,570
2022-05-29,5PM,6,9,3,693
2022-05-29,9PM,9,3,8,938
2022-05-30,2PM,9,7,3,973
2022-05-30,5PM,6,7,5,675
2022-05-30,9PM,8,6,5,865
2022-05-31,2PM,7,6,9,769
2022-05-31,5PM,5,5,2,552
2022-05-31,9PM,7,6,3,763
2022-08-01,2PM,2,1,0,210
2022-08-01,5PM,0,8,2,082
2022-08-01,9PM,0,4,9,049
2022-08-02,2PM,6,8,5,685
2022-08-02,5PM,2,8,5,285
2022-08-02,9PM,0,6,7,067
2022-08-03,2PM,5,7,3,573
2022-08-03,5PM,1,4,8,148
2022-08-03,9PM,9,5,7,957
2022-08-04,2PM,6,0,4,604
2022-08-04,5PM,5,9,0,590
2022-08-04,9PM,2,0,2,202
2022-08-05,2PM,0,6,6,066
2022-08-05,5PM,0,5,4,054
2022-08-05,9PM,1,7,7,177
2022-08-06,2PM,8,6,8,868
2022-08-06,5PM,5,2,1,521
2022-08-06,9PM,7,3,0,730
2022-08-07,2PM,7,9,1,791
2022-08-07,5PM,4,3,9,439
2022-08-07,9PM,0,3,6,036
2022-08-08,2PM,6,6,0,660
2022-08-08,5PM,6,5,5,655
2022-08-08,9PM,2,7,2,272
2022-08-09,2PM,7,7,4,774
2022-08-09,5PM,1,6,2,162
2022-08-09,9PM,9,0,4,904
2022-08-10,2PM,0,8,5,085
2022-08-10,5PM,9,1,9,919
2022-08-10,9PM,9,6,7,967
2022-08-11,2PM,9,4,0,940
2022-08-11,5PM,0,2,1,021
2022-08-11,9PM,4,8,1,481
2022-08-12,2PM,1,4,6,146
2022-08-12,5PM,2,3,7,237
2022-08-12,9PM,3,0,9,309
2022-08-13,2PM,8,8,0,880
2022-08-13,5PM,8,3,5,835
2022-08-13,9PM,9,3,0,930
2022-08-14,2PM,3,2,8,328
2022-08-14,5PM,0,7,4,074
2022-08-14,9PM,0,5,5,055
2022-08-15,2PM,2,0,7,207
2022-08-15,5PM,9,5,4,954
2022-08-15,9PM,2,8,8,288
2022-08-16,2PM,8,1,6,816
2022-08-16,5PM,6,2,3,623
2022-08-16,9PM,9,7,0,970
2022-08-17,2PM,3,7,9,379
2022-08-17,5PM,9,4,3,943
2022-08-17,9PM,9,9,6,996
2022-08-18,2PM,3,5,6,356
2022-08-18,5PM,7,2,9,729
2022-08-18,9PM,5,4,3,543
2022-08-19,2PM,4,3,5,435
2022-08-19,5PM,2,8,9,289
2022-08-19,9PM,7,2,5,725
2022-08-20,2PM,4,6,2,462
2022-08-20,5PM,0,8,3,083
2022-08-20,9PM,1,0,5,105
2022-08-21,2PM,6,9,8,698
2022-08-21,5PM,5,7,3,573
2022-08-21,9PM,4,7,5,475
2022-08-22,2PM,7,0,8,708
2022-08-22,5PM,3,0,8,308
2022-08-22,9PM,6,8,5,685
2022-08-23,2PM,4,6,7,467
2022-08-23,5PM,6,2,6,626
2022-08-23,9PM,2,0,9,209
2022-08-24,2PM,2,4,3,243
2022-08-24,5PM,2,1,8,218
2022-08-24,9PM,3,0,2,302
2022-08-25,2PM,8,8,0,880
2022-08-25,5PM,5,4,4,544
2022-08-25,9PM,2,6,6,266
2022-08-26,2PM,2,5,4,254
2022-08-26,5PM,4,1,7,417
2022-08-26,9PM,7,6,9,769
2022-08-28,2PM,6,7,8,678
2022-08-28,5PM,8,8,6,886
2022-08-28,9PM,1,0,1,101
2022-10-01,2PM,8,8,7,887
2022-10-01,5PM,1,9,3,193
2022-10-01,9PM,5,6,3,563
2022-10-02,2PM,3,5,0,350
2022-10-02,5PM,7,5,1,751
2022-10-02,9PM,6,3,7,637
2022-10-03,2PM,3,9,6,396
2022-10-03,5PM,9,3,3,933
2022-10-03,9PM,6,6,9,669
2022-10-04,2PM,5,7,2,572
2022-10-04,5PM,1,7,6,176
2022-10-04,9PM,3,5,1,351
2022-10-05,2PM,1,5,8,158
2022-10-05,5PM,5,9,3,593
2022-10-05,9PM,2,0,1,201
2022-10-06,2PM,0,1,2,012
2022-10-06,5PM,0,6,5,065
2022-10-06,9PM,8,5,4,854
2022-10-07,2PM,7,2,2,722
2022-10-07,5PM,4,2,9,429
2022-10-07,9PM,8,7,6,876
2022-10-08,2PM,7,4,4,744
2022-10-08,5PM,4,3,9,439
2022-10-08,9PM,7,2,4,724
2022-10-09,2PM,9,9,6,996
2022-10-09,5PM,8,9,8,898
2022-10-09,9PM,8,6,8,868
2022-10-10,2PM,4,0,2,402
2022-10-10,5PM,2,1,0,210
2022-10-10,9PM,0,8,2,082
2022-10-11,2PM,2,8,5,285
2022-10-11,5PM,4,2,0,420
2022-10-11,9PM,2,0,9,209
2022-10-12,2PM,0,3,2,032
2022-10-12,5PM,0,5,5,055
2022-10-12,9PM,5,6,2,562
2022-10-13,2PM,6,9,0,690
2022-10-13,5PM,3,5,6,356
2022-10-13,9PM,9,8,8,988
2022-10-14,2PM,2,4,2,242
2022-10-14,5PM,4,3,7,437
2022-10-14,9PM,9,1,0,910
2022-10-15,2PM,1,3,1,131
2022-10-15,5PM,1,5,3,153
2022-10-15,9PM,5,0,1,501
2022-10-16,2PM,1,3,0,130
2022-10-16,5PM,8,5,5,855
2022-10-16,9PM,7,2,1,721
2022-10-17,2PM,8,6,3,863
2022-10-17,5PM,8,3,2,832
2022-10-17,9PM,8,3,2,832
2022-10-18,2PM,8,2,5,825
2022-10-18,5PM,8,5,2,852
2022-10-18,9PM,2,4,8,248
2022-10-19,2PM,6,4,1,641
2022-10-19,5PM,7,4,8,748
2022-10-19,9PM,5,8,6,586
2022-10-20,2PM,5,6,2,562
2022-10-20,5PM,2,9,0,290
2022-10-20,9PM,5,0,2,502
2022-10-21,2PM,3,0,8,308
2022-10-21,5PM,4,2,8,428
2022-10-21,9PM,7,0,6,706
2022-10-22,2PM,3,3,1,331
2022-10-22,5PM,2,5,4,254
2022-10-22,9PM,2,6,8,268
2022-10-23,2PM,1,1,9,119
2022-10-23,5PM,4,2,1,421
2022-10-23,9PM,2,5,4,254
2022-10-24,2PM,2,0,7,207
2022-10-24,5PM,7,4,6,746
2022-10-24,9PM,8,8,3,883
2022-10-25,2PM,0,5,1,051
2022-10-25,5PM,5,0,2,502
2022-10-25,9PM,6,9,3,693
2022-10-26,2PM,9,1,9,919
2022-10-26,5PM,8,1,0,810
2022-10-26,9PM,0,3,0,030
2022-10-27,2PM,4,0,2,402
2022-10-27,5PM,4,1,7,417
2022-10-27,9PM,1,6,6,166
2022-10-28,2PM,2,1,6,216
2022-10-28,5PM,0,8,7,087
2022-10-28,9PM,0,5,8,058
2022-10-29,2PM,8,6,9,869
2022-10-29,5PM,8,2,0,820
2022-10-29,9PM,4,2,4,424
2022-10-30,2PM,2,8,9,289
2022-10-30,5PM,9,5,3,953
2022-10-30,9PM,1,5,5,155
2022-10-31,2PM,4,7,3,473
2022-10-31,5PM,6,2,8,628
2022-10-31,9PM,5,5,3,553
2022-11-01,2PM,3,5,9,359
2022-11-01,5PM,4,8,7,487
2022-11-01,9PM,2,6,0,260
2022-11-02,2PM,9,8,8,988
2022-11-02,5PM,4,8,2,482
2022-11-02,9PM,3,5,2,352
2022-11-03,2PM,3,5,4,354
2022-11-03,5PM,0,7,9,079
2022-11-03,9PM,0,1,8,018
2022-11-04,2PM,0,3,7,037
2022-11-04,5PM,6,4,4,644
2022-11-04,9PM,0,7,9,079
2022-11-05,2PM,7,5,0,750
2022-11-05,5PM,4,2,9,429
2022-11-05,9PM,0,0,9,009
2022-11-06,2PM,3,3,8,338
2022-11-06,5PM,2,0,7,207
2022-11-06,9PM,7,7,3,773
2022-11-07,2PM,7,2,0,720
2022-11-07,5PM,4,3,0,430
2022-11-07,9PM,3,2,8,328
2022-11-08,2PM,3,7,9,379
2022-11-08,5PM,6,9,1,691
2022-11-08,9PM,8,4,9,849
2022-11-09,2PM,7,3,8,738
2022-11-09,5PM,7,9,1,791
2022-11-09,9PM,8,9,8,898
2022-11-10,2PM,7,2,2,722
2022-11-10,2PM,9,4,7,947
2022-11-10,5PM,8,4,1,841
2022-11-10,5PM,8,2,8,828
2022-11-10,9PM,1,1,6,116
2022-11-10,9PM,7,0,4,704
2022-11-11,2PM,8,6,7,867
2022-11-11,5PM,3,8,4,384
2022-11-11,9PM,3,0,6,306
2022-11-13,2PM,2,6,8,268
2022-11-13,5PM,8,4,7,847
2022-11-13,9PM,8,4,6,846
2022-11-15,2PM,9,6,2,962
2022-11-15,5PM,1,5,6,156
2022-11-15,9PM,1,1,8,118
2022-11-16,2PM,7,2,5,725
2022-11-16,5PM,9,4,6,946
2022-11-16,9PM,3,1,9,319
2022-11-17,2PM,7,8,4,784
2022-11-17,5PM,2,4,1,241
2022-11-17,9PM,5,9,5,595
2022-11-18,2PM,8,1,6,816
2022-11-18,5PM,4,3,5,435
2022-11-18,9PM,8,4,3,843
2022-11-19,2PM,7,4,9,749
2022-11-19,5PM,4,9,4,494
2022-11-19,9PM,2,3,1,231
2022-11-20,2PM,2,5,6,256
2022-11-20,5PM,3,7,2,372
2022-11-20,9PM,2,2,6,226
2022-11-21,2PM,9,5,6,956
2022-11-21,5PM,5,0,7,507
2022-11-21,9PM,2,5,4,254
2022-11-22,2PM,7,9,2,792
2022-11-22,5PM,7,0,5,705
2022-11-22,9PM,6,5,6,656
2022-11-23,2PM,3,4,8,348
2022-11-23,5PM,6,4,4,644
2022-11-23,9PM,8,2,9,829
2022-11-24,2PM,2,6,4,264
2022-11-24,5PM,0,2,8,028
2022-11-24,9PM,0,4,8,048
2022-11-25,2PM,6,8,0,680
2022-11-25,5PM,3,8,8,388
2022-11-25,9PM,0,7,1,071
2022-11-26,2PM,7,8,7,787
2022-11-26,5PM,4,8,6,486
2022-11-26,9PM,9,5,2,952
2022-11-27,2PM,5,3,7,537
2022-11-27,5PM,1,3,0,130
2022-11-27,9PM,8,3,3,833
2022-11-28,2PM,2,9,8,298
2022-11-28,5PM,8,4,1,841
2022-11-28,9PM,6,7,2,672
2022-11-29,2PM,9,6,3,963
2022-11-29,5PM,2,6,8,268
2022-11-29,9PM,5,0,9,509
2022-11-30,2PM,0,2,2,022
2022-11-30,5PM,4,0,1,401
2022-11-30,9PM,6,7,8,678
2022-12-01,2PM,7,2,0,720
2022-12-01,5PM,4,7,5,475
2022-12-01,9PM,6,6,7,667
2022-12-02,2PM,5,0,5,505
2022-12-02,5PM,5,0,5,505
2022-12-02,9PM,6,0,1,601
2022-12-03,2PM,5,2,8,528
2022-12-03,5PM,4,9,4,494
2022-12-03,9PM,3,2,6,326
2022-12-04,2PM,4,9,5,495
2022-12-04,5PM,3,1,6,316
2022-12-04,9PM,4,4,2,442
2022-12-05,2PM,0,5,1,051
2022-12-05,5PM,5,8,4,584
2022-12-05,9PM,5,9,1,591
2022-12-06,2PM,2,8,8,288
2022-12-06,5PM,8,4,8,848
2022-12-06,9PM,3,8,5,385
2022-12-07,2PM,5,6,3,563
2022-12-07,5PM,8,4,1,841
2022-12-07,9PM,2,3,0,230
2022-12-08,2PM,5,8,6,586
2022-12-08,5PM,5,6,0,560
2022-12-08,9PM,3,5,7,357
2022-12-09,2PM,3,9,1,391
2022-12-09,5PM,0,1,8,018
2022-12-09,9PM,1,1,8,118
2022-12-10,2PM,5,4,4,544
2022-12-10,5PM,7,4,1,741
2022-12-10,9PM,8,6,4,864
2022-12-11,2PM,6,0,6,606
2022-12-11,5PM,7,0,8,708
2022-12-11,9PM,4,5,3,453
2022-12-12,2PM,4,8,1,481
2022-12-12,5PM,5,5,2,552
2022-12-12,9PM,4,5,1,451
2022-12-13,2PM,1,2,9,129
2022-12-13,5PM,1,9,4,194
2022-12-13,9PM,1,8,7,187
2022-12-14,2PM,8,3,4,834
2022-12-14,5PM,9,1,4,914
2022-12-14,9PM,8,8,9,889
2022-12-15,2PM,8,2,1,821
2022-12-15,5PM,7,3,8,738
2022-12-15,9PM,7,0,6,706
2022-12-16,2PM,9,7,9,979
2022-12-16,5PM,0,9,1,091
2022-12-16,9PM,3,0,4,304
2022-12-17,2PM,5,8,1,581
2022-12-17,5PM,0,3,4,034
2022-12-17,9PM,7,6,8,768
2022-12-18,2PM,7,9,6,796
2022-12-18,5PM,9,0,0,900
2022-12-18,9PM,8,6,4,864
2022-12-19,2PM,8,4,5,845
2022-12-19,5PM,4,7,7,477
2022-12-19,9PM,6,9,1,691
2022-12-20,2PM,6,8,6,686
2022-12-20,5PM,9,2,8,928
2022-12-20,9PM,2,4,0,240
2022-12-21,2PM,2,2,2,222
2022-12-21,5PM,9,3,5,935
2022-12-21,9PM,9,8,0,980
2022-12-22,2PM,3,0,1,301
2022-12-22,5PM,2,1,4,214
2022-12-22,9PM,4,9,3,493
2022-12-23,2PM,2,8,4,284
2022-12-23,5PM,8,8,8,888
2022-12-23,9PM,2,2,0,220
2022-12-24,2PM,7,5,2,752
2022-12-24,5PM,4,1,6,416
2022-12-24,9PM,9,0,6,906
2022-12-26,2PM,6,8,0,680
2022-12-26,5PM,7,2,9,729
2022-12-26,9PM,7,3,0,730
2022-12-27,2PM,6,3,2,632
2022-12-27,5PM,7,0,7,707
2022-12-27,9PM,3,0,7,307
2022-12-28,2PM,5,5,7,557
2022-12-28,5PM,9,0,0,900
2022-12-28,9PM,1,0,1,101
2022-12-29,2PM,3,0,8,308
2022-12-29,5PM,4,8,5,485
2022-12-29,9PM,0,1,0,010
2022-12-30,2PM,4,0,0,400
2022-12-30,5PM,4,5,0,450
2022-12-30,9PM,7,7,9,779
2022-12-31,2PM,1,5,2,152
2022-12-31,5PM,4,0,3,403
2022-12-31,9PM,3,5,9,359
2023-01-02,2PM,7,3,9,739
2023-01-02,5PM,7,0,0,700
2023-01-02,9PM,1,4,7,147
2023-01-03,2PM,0,3,9,039
2023-01-03,5PM,4,0,7,407
2023-01-03,9PM,2,3,1,231
2023-01-04,2PM,8,7,9,879
2023-01-04,5PM,2,7,5,275
2023-01-04,9PM,3,7,8,378
2023-01-05,2PM,8,7,6,876
2023-01-05,5PM,4,4,4,444
2023-01-05,9PM,0,2,3,023
2023-01-06,2PM,4,6,9,469
2023-01-06,5PM,5,7,3,573
2023-01-06,9PM,8,9,5,895
2023-01-07,2PM,0,3,7,037
2023-01-07,5PM,1,1,0,110
2023-01-07,9PM,7,3,4,734
2023-01-08,2PM,8,2,9,829
2023-01-08,5PM,4,3,1,431
2023-01-08,9PM,6,3,3,633
2023-01-09,2PM,6,4,2,642
2023-01-09,5PM,9,1,4,914
2023-01-09,9PM,5,9,9,599
2023-01-10,2PM,8,8,8,888
2023-01-10,5PM,1,3,2,132
2023-01-10,9PM,5,9,4,594
2023-01-11,2PM,1,5,3,153
2023-01-11,5PM,5,9,5,595
2023-01-11,9PM,0,5,6,056
2023-01-12,2PM,9,2,3,923
2023-01-12,5PM,7,0,7,707
2023-01-12,9PM,7,7,7,777
2023-01-13,2PM,2,3,8,238
2023-01-13,5PM,3,3,1,331
2023-01-13,9PM,9,2,0,920
2023-01-14,2PM,3,6,8,368
2023-01-14,5PM,5,0,3,503
2023-01-14,9PM,0,8,9,089
2023-01-15,2PM,8,5,7,857
2023-01-15,5PM,4,0,1,401
2023-01-15,9PM,9,3,3,933
2023-01-16,2PM,7,1,4,714
2023-01-16,5PM,2,4,1,241
2023-01-16,9PM,1,1,4,114
2023-01-17,2PM,7,5,3,753
2023-01-17,5PM,3,2,0,320
2023-01-17,9PM,7,8,0,780
2023-01-18,2PM,2,5,6,256
2023-01-18,5PM,9,0,7,907
2023-01-18,9PM,5,4,8,548
2023-01-19,2PM,1,0,5,105
2023-01-19,5PM,0,2,8,028
2023-01-19,9PM,5,5,3,553
2023-01-20,2PM,4,4,1,441
2023-01-20,5PM,4,3,3,433
2023-01-20,9PM,6,0,1,601
2023-01-21,2PM,6,6,4,664
2023-01-21,5PM,4,0,0,400
2023-01-21,9PM,0,2,3,023
2023-01-22,2PM,0,9,2,092
2023-01-22,5PM,3,0,3,303
2023-01-22,9PM,0,5,4,054
2023-01-23,2PM,1,7,3,173
2023-01-23,5PM,2,7,1,271
2023-01-23,9PM,1,9,9,199
2023-01-24,2PM,2,5,9,259
2023-01-24,5PM,7,3,8,738
2023-01-24,9PM,6,4,9,649
2023-01-25,2PM,6,7,1,671
2023-01-25,5PM,3,3,7,337
2023-01-25,9PM,3,8,7,387
2023-01-26,2PM,9,6,9,969
2023-01-26,5PM,7,7,8,778
2023-01-26,9PM,0,9,8,098
2023-01-27,2PM,7,2,1,721
2023-01-27,5PM,9,0,5,905
2023-01-27,9PM,5,6,4,564
2023-01-28,2PM,9,5,5,955
2023-01-28,5PM,4,9,5,495
2023-01-28,9PM,0,3,4,034
2023-01-29,2PM,9,3,5,935
2023-01-29,5PM,8,5,5,855
2023-01-29,9PM,3,1,5,315
2023-01-30,2PM,9,4,6,946
2023-01-30,5PM,9,0,5,905
2023-01-30,9PM,3,8,2,382
2023-01-31,2PM,4,9,8,498
2023-01-31,5PM,1,7,6,176
2023-01-31,9PM,4,5,9,459
2023-02-01,2PM,8,0,3,803
2023-02-01,5PM,1,8,9,189
2023-02-01,9PM,4,5,8,458
2023-02-02,2PM,1,0,4,104
2023-02-02,5PM,3,7,6,376
2023-02-02,9PM,2,8,1,281
2023-02-03,2PM,6,3,9,639
2023-02-03,5PM,7,2,6,726
2023-02-03,9PM,5,3,0,530
2023-02-04,2PM,4,9,8,498
2023-02-04,5PM,5,3,2,532
2023-02-04,9PM,2,7,2,272
2023-02-05,2PM,7,6,9,769
2023-02-05,5PM,9,4,8,948
2023-02-05,9PM,5,3,5,535
2023-02-06,2PM,3,2,6,326
2023-02-06,5PM,8,1,8,818
2023-02-06,9PM,8,7,4,874
2023-02-07,2PM,9,0,5,905
2023-02-07,5PM,3,1,5,315
2023-02-07,9PM,8,4,8,848
2023-02-08,2PM,4,6,0,460
2023-02-08,5PM,9,7,3,973
2023-02-08,9PM,3,3,7,337
2023-02-09,2PM,4,4,0,440
2023-02-09,5PM,2,7,4,274
2023-02-09,9PM,5,4,3,543
2023-02-10,2PM,0,6,4,064
2023-02-10,5PM,1,8,8,188
2023-02-10,9PM,2,0,6,206
2023-02-11,2PM,5,9,2,592
2023-02-11,5PM,2,5,4,254
2023-02-11,9PM,2,8,1,281
2023-02-12,2PM,5,2,9,529
2023-02-12,5PM,1,6,8,168
2023-02-12,9PM,8,1,1,811
2023-02-13,2PM,3,9,4,394
2023-02-13,5PM,7,9,5,795
2023-02-13,9PM,5,0,7,507
2023-02-14,2PM,4,7,8,478
2023-02-14,5PM,6,5,5,655
2023-02-14,9PM,4,7,9,479
2023-02-15,2PM,2,9,6,296
2023-02-15,5PM,4,2,6,426
2023-02-15,9PM,4,3,5,435
2023-02-16,2PM,5,5,5,555
2023-02-16,5PM,4,1,4,414
2023-02-16,9PM,2,9,9,299
2023-02-17,2PM,8,8,0,880
2023-02-17,5PM,5,5,2,552
2023-02-17,9PM,8,5,8,858
2023-02-18,2PM,6,7,3,673
2023-02-18,5PM,2,7,8,278
2023-02-18,9PM,7,4,0,740
2023-02-19,2PM,0,4,6,046
2023-02-19,5PM,0,2,7,027
2023-02-19,9PM,8,0,1,801
2023-02-20,2PM,5,3,3,533
2023-02-20,5PM,4,2,5,425
2023-02-20,9PM,0,4,3,043
2023-02-21,2PM,2,3,7,237
2023-02-21,5PM,7,1,2,712
2023-02-21,9PM,5,0,9,509
2023-02-22,2PM,7,6,7,767
2023-02-22,5PM,7,4,1,741
2023-02-22,9PM,0,4,1,041
2023-02-23,2PM,8,8,5,885
2023-02-23,5PM,6,3,8,638
2023-02-23,9PM,3,2,1,321
2023-02-24,2PM,5,5,4,554
2023-02-24,5PM,5,6,0,560
2023-02-24,9PM,9,6,1,961
2023-02-25,2PM,1,0,4,104
2023-02-25,5PM,6,5,9,659
2023-02-25,9PM,6,5,4,654
2023-02-26,2PM,5,9,4,594
2023-02-26,5PM,0,6,1,061
2023-02-26,9PM,2,3,5,235
2023-02-27,2PM,8,7,2,872
2023-02-27,5PM,0,3,2,032
2023-02-27,9PM,7,9,6,796
2023-02-28,2PM,5,5,8,558
2023-02-28,5PM,0,0,1,001
2023-02-28,9PM,8,7,3,873
2023-03-01,2PM,4,5,6,456
2023-03-01,5PM,5,6,2,562
2023-03-01,9PM,5,6,5,565
2023-03-02,2PM,0,5,5,055
2023-03-02,5PM,5,9,9,599
2023-03-02,9PM,2,5,0,250
2023-03-03,2PM,5,4,4,544
2023-03-03,5PM,4,5,1,451
2023-03-03,9PM,9,4,1,941
2023-03-04,2PM,4,8,2,482
2023-03-04,5PM,9,7,4,974
2023-03-04,9PM,1,4,8,148
2023-03-05,2PM,6,2,3,623
2023-03-05,5PM,4,7,2,472
2023-03-05,9PM,0,8,0,080
2023-03-06,2PM,7,7,6,776
2023-03-06,5PM,0,1,6,016
2023-03-06,9PM,0,8,6,086
2023-03-07,2PM,9,1,8,918
2023-03-07,5PM,4,1,2,412
2023-03-07,9PM,9,3,6,936
2023-03-08,2PM,9,8,8,988
2023-03-08,5PM,5,3,2,532
2023-03-08,9PM,8,3,2,832
2023-03-09,2PM,6,1,8,618
2023-03-09,5PM,9,3,3,933
2023-03-09,9PM,6,4,4,644
2023-03-10,2PM,0,8,2,082
2023-03-10,5PM,4,6,9,469
2023-03-10,9PM,1,2,3,123
2023-03-11,2PM,0,0,4,004
2023-03-11,5PM,7,9,3,793
2023-03-11,9PM,9,7,3,973
2023-03-12,2PM,1,5,1,151
2023-03-12,5PM,7,0,1,701
2023-03-12,9PM,5,7,1,571
2023-03-13,2PM,8,8,7,887
2023-03-13,5PM,4,9,0,490
2023-03-13,9PM,9,0,4,904
2023-03-14,2PM,1,5,1,151
2023-03-14,5PM,2,3,8,238
2023-03-14,9PM,4,6,3,463
2023-03-15,2PM,5,6,3,563
2023-03-15,5PM,2,4,0,240
2023-03-15,9PM,7,2,6,726
2023-03-16,2PM,6,0,6,606
2023-03-16,5PM,8,2,1,821
2023-03-16,9PM,2,1,3,213
2023-03-17,2PM,6,0,6,606
2023-03-17,5PM,4,9,7,497
2023-03-17,9PM,7,0,6,706
2023-03-18,2PM,1,5,4,154
2023-03-18,5PM,5,6,5,565
2023-03-18,9PM,7,5,9,759
2023-03-19,2PM,5,5,4,554
2023-03-19,5PM,6,4,6,646
2023-03-19,9PM,0,1,4,014
2023-03-20,2PM,6,7,4,674
2023-03-20,5PM,1,8,5,185
2023-03-20,9PM,7,6,8,768
2023-03-21,2PM,8,5,6,856
2023-03-21,5PM,5,6,5,565
2023-03-21,9PM,7,5,7,757
2023-03-22,2PM,3,7,3,373
2023-03-22,5PM,2,8,0,280
2023-03-22,9PM,6,9,9,699
2023-03-23,2PM,7,3,7,737
2023-03-23,5PM,4,7,1,471
2023-03-23,9PM,6,1,4,614
2023-03-24,2PM,7,0,6,706
2023-03-24,5PM,2,7,2,272
2023-03-24,9PM,8,3,8,838
2023-03-25,2PM,3,9,9,399
2023-03-25,5PM,3,7,9,379
2023-03-25,9PM,1,2,4,124
2023-03-26,2PM,0,9,2,092
2023-03-26,5PM,0,4,9,049
2023-03-26,9PM,7,6,7,767
2023-03-27,2PM,7,0,5,705
2023-03-27,5PM,6,2,4,624
2023-03-27,9PM,8,1,5,815
2023-03-28,2PM,4,8,6,486
2023-03-28,5PM,3,9,1,391
2023-03-28,9PM,0,7,3,073
2023-03-29,2PM,0,0,8,008
2023-03-29,5PM,9,0,3,903
2023-03-29,9PM,0,6,8,068
2023-03-30,2PM,0,0,9,009
2023-03-30,5PM,3,8,4,384
2023-03-30,9PM,6,6,2,662
2023-03-31,2PM,6,4,1,641
2023-03-31,5PM,5,0,0,500
2023-03-31,9PM,1,0,6,106
2023-05-01,2PM,7,1,3,713
2023-05-01,5PM,3,0,6,306
2023-05-01,9PM,8,0,2,802
2023-05-02,2PM,5,8,1,581
2023-05-02,5PM,8,6,2,862
2023-05-02,9PM,2,4,2,242
2023-05-03,2PM,8,0,5,805
2023-05-03,5PM,5,5,8,558
2023-05-03,9PM,5,5,1,551
2023-05-04,2PM,5,5,8,558
2023-05-04,2PM,6,0,9,609
2023-05-04,5PM,2,8,3,283
2023-05-04,5PM,9,8,8,988
2023-05-04,9PM,9,4,1,941
2023-05-04,9PM,4,8,0,480
2023-05-05,2PM,5,7,7,577
2023-05-05,5PM,7,4,3,743
2023-05-05,9PM,1,2,2,122
2023-05-06,2PM,0,4,0,040
2023-05-06,2PM,1,7,5,175
2023-05-06,5PM,6,5,0,650
2023-05-06,5PM,8,1,6,816
2023-05-06,9PM,6,2,2,622
2023-05-06,9PM,0,2,8,028
2023-05-07,2PM,1,8,4,184
2023-05-07,5PM,8,2,6,826
2023-05-07,9PM,9,8,4,984
2023-05-08,2PM,9,7,5,975
2023-05-08,2PM,4,1,0,410
2023-05-08,5PM,3,1,0,310
2023-05-08,5PM,6,0,9,609
2023-05-08,9PM,9,0,2,902
2023-05-08,9PM,3,8,7,387
2023-05-09,2PM,8,6,5,865
2023-05-09,2PM,9,1,2,912
2023-05-09,5PM,3,9,5,395
2023-05-09,5PM,9,1,3,913
2023-05-09,9PM,8,0,7,807
2023-05-09,9PM,2,9,0,290
2023-05-10,2PM,0,8,7,087
2023-05-10,5PM,7,5,7,757
2023-05-10,9PM,7,3,3,733
2023-05-11,2PM,0,0,2,002
2023-05-11,5PM,5,1,2,512
2023-05-11,9PM,0,3,7,037
2023-05-12,2PM,6,7,2,672
2023-05-12,5PM,4,3,7,437
2023-05-12,9PM,5,9,3,593
2023-05-13,2PM,8,4,3,843
2023-05-13,5PM,2,3,2,232
2023-05-13,9PM,1,0,3,103
2023-05-14,2PM,4,5,4,454
2023-05-14,5PM,0,6,6,066
2023-05-14,9PM,7,5,8,758
2023-05-15,2PM,8,9,0,890
2023-05-15,5PM,7,3,7,737
2023-05-15,9PM,9,1,1,911
2023-05-16,2PM,1,7,7,177
2023-05-16,2PM,2,5,5,255
2023-05-16,5PM,1,9,5,195
2023-05-16,5PM,9,0,7,907
2023-05-16,9PM,7,5,1,751
2023-05-16,9PM,0,8,4,084
2023-05-17,2PM,0,5,0,050
2023-05-17,5PM,4,6,3,463
2023-05-17,9PM,8,7,6,876
2023-05-18,2PM,5,4,1,541
2023-05-18,5PM,4,5,1,451
2023-05-18,9PM,9,7,1,971
2023-05-19,2PM,6,7,6,676
2023-05-19,5PM,2,4,3,243
2023-05-19,9PM,6,2,8,628
2023-05-20,2PM,3,2,9,329
2023-05-20,5PM,8,2,3,823
2023-05-20,9PM,0,5,0,050
2023-05-21,2PM,8,2,2,822
2023-05-21,5PM,0,8,7,087
2023-05-21,9PM,5,7,7,577
2023-05-22,2PM,9,9,7,997
2023-05-22,5PM,2,7,1,271
2023-05-22,9PM,1,6,6,166
2023-05-23,2PM,5,3,4,534
2023-05-23,5PM,5,4,7,547
2023-05-23,9PM,2,0,7,207
2023-05-24,2PM,0,6,2,062
2023-05-24,5PM,3,6,5,365
2023-05-24,9PM,9,3,7,937
2023-05-25,2PM,0,8,0,080
2023-05-25,5PM,4,6,5,465
2023-05-25,9PM,2,8,8,288
2023-08-01,2PM,0,7,7,077
2023-08-01,5PM,8,0,1,801
2023-08-01,9PM,5,2,4,524
2023-08-02,2PM,6,6,1,661
2023-08-02,5PM,8,0,4,804
2023-08-02,9PM,5,2,7,527
2023-08-03,2PM,3,5,3,353
2023-08-03,5PM,7,0,9,709
2023-08-03,9PM,8,5,2,852
2023-08-04,2PM,7,4,9,749
2023-08-04,5PM,7,6,6,766
2023-08-04,9PM,6,3,3,633
2023-08-05,2PM,8,2,2,822
2023-08-05,5PM,3,1,3,313
2023-08-05,9PM,5,6,8,568
2023-08-09,2PM,1,6,1,161
2023-08-09,5PM,6,5,4,654
2023-08-09,9PM,8,6,1,861
2023-08-10,2PM,0,7,0,070
2023-08-10,5PM,8,4,9,849
2023-08-10,9PM,3,2,0,320
2023-08-11,2PM,0,9,0,090
2023-08-11,5PM,9,2,9,929
2023-08-11,9PM,9,9,9,999
2023-08-12,2PM,9,9,4,994
2023-08-12,5PM,6,6,9,669
2023-08-12,9PM,0,1,0,010
2023-08-13,2PM,7,8,7,787
2023-08-13,5PM,6,4,9,649
2023-08-13,9PM,2,6,6,266
2023-08-14,2PM,1,4,2,142
2023-08-14,5PM,5,2,1,521
2023-08-14,9PM,7,3,6,736
2023-08-15,2PM,5,0,2,502
2023-08-15,5PM,7,4,5,745
2023-08-15,9PM,1,2,4,124
2023-08-16,2PM,4,6,6,466
2023-08-16,5PM,1,7,9,179
2023-08-16,9PM,3,9,4,394
2023-08-17,2PM,5,1,2,512
2023-08-17,5PM,5,0,1,501
2023-08-17,9PM,0,5,3,053
2023-08-18,2PM,3,3,9,339
2023-08-18,5PM,7,2,4,724
2023-08-18,9PM,7,6,1,761
2023-08-19,2PM,3,3,0,330
2023-08-19,5PM,4,8,6,486
2023-08-19,9PM,4,0,9,409
2023-08-21,2PM,5,3,2,532
2023-08-21,5PM,3,8,3,383
2023-08-21,9PM,0,8,7,087
2023-08-22,2PM,6,6,3,663
2023-08-22,5PM,3,3,9,339
2023-08-22,9PM,2,2,3,223
2023-08-23,2PM,3,2,0,320
2023-08-23,5PM,0,4,5,045
2023-08-23,9PM,8,8,8,888
2023-08-24,2PM,0,6,0,060
2023-08-24,5PM,0,2,1,021
2023-08-24,9PM,9,6,1,961
2023-08-25,2PM,6,0,1,601
2023-08-25,5PM,6,6,3,663
2023-08-25,9PM,8,8,6,886
2023-08-26,2PM,8,3,0,830
2023-08-26,5PM,8,4,5,845
2023-08-26,9PM,2,0,5,205
2023-08-27,2PM,2,0,0,200
2023-08-27,5PM,4,2,8,428
2023-08-27,9PM,7,3,4,734
2023-08-28,2PM,8,5,4,854
2023-08-28,5PM,5,3,8,538
2023-08-28,9PM,0,2,4,024
2023-08-29,2PM,3,3,0,330
2023-08-29,5PM,3,3,0,330
2023-08-29,9PM,0,6,7,067
2023-08-30,2PM,8,9,7,897
2023-08-30,5PM,0,1,9,019
2023-08-30,9PM,0,0,0,000
2023-08-31,2PM,1,8,4,184
2023-08-31,5PM,3,9,5,395
2023-08-31,9PM,9,4,7,947
2023-10-01,2PM,1,1,0,110
2023-10-01,5PM,2,2,0,220
2023-10-01,9PM,7,8,4,784
2023-10-02,2PM,5,3,4,534
2023-10-02,5PM,9,6,9,969
2023-10-02,9PM,0,4,8,048
2023-10-03,2PM,0,1,2,012
2023-10-03,5PM,7,8,6,786
2023-10-03,9PM,3,5,4,354
2023-10-04,2PM,1,0,1,101
2023-10-04,5PM,1,6,0,160
2023-10-04,9PM,8,5,7,857
2023-10-05,2PM,4,8,2,482
2023-10-05,5PM,6,7,3,673
2023-10-05,9PM,6,7,9,679
2023-10-06,2PM,9,8,1,981
2023-10-06,5PM,6,5,6,656
2023-10-06,9PM,4,4,3,443
2023-10-07,2PM,4,1,8,418
2023-10-07,5PM,3,5,1,351
2023-10-07,9PM,9,7,1,971
2023-10-08,2PM,8,4,4,844
2023-10-08,5PM,2,8,5,285
2023-10-08,9PM,9,3,4,934
2023-10-09,2PM,7,4,8,748
2023-10-09,5PM,4,6,4,464
2023-10-09,9PM,0,9,0,090
2023-10-10,2PM,3,9,8,398
2023-10-10,5PM,4,6,7,467
2023-10-10,9PM,7,9,7,797
2023-10-11,2PM,2,5,4,254
2023-10-11,5PM,9,2,8,928
2023-10-11,9PM,9,4,0,940
2023-10-12,2PM,5,4,4,544
2023-10-12,5PM,0,2,7,027
2023-10-12,9PM,5,4,8,548
2023-10-13,2PM,9,8,8,988
2023-10-13,5PM,2,1,6,216
2023-10-13,9PM,9,9,9,999
2023-10-14,2PM,4,5,7,457
2023-10-14,5PM,0,2,2,022
2023-10-14,9PM,5,2,1,521
2023-10-15,2PM,6,6,9,669
2023-10-15,5PM,9,9,3,993
2023-10-15,9PM,1,5,5,155
2023-10-16,2PM,8,7,6,876
2023-10-16,5PM,2,3,4,234
2023-10-16,9PM,9,0,0,900
2023-10-17,2PM,3,1,4,314
2023-10-17,5PM,1,0,4,104
2023-10-17,9PM,3,4,6,346
2023-10-20,2PM,1,3,3,133
2023-10-20,5PM,7,2,1,721
2023-10-20,9PM,0,9,9,099
2023-10-21,2PM,6,1,5,615
2023-10-21,5PM,9,4,1,941
2023-10-21,9PM,4,5,1,451
2023-10-22,2PM,6,5,7,657
2023-10-22,5PM,6,4,6,646
2023-10-22,9PM,7,4,3,743
2023-10-23,2PM,9,4,5,945
2023-10-23,5PM,3,5,5,355
2023-10-23,9PM,8,3,7,837
2023-10-24,2PM,3,1,5,315
2023-10-24,5PM,8,1,4,814
2023-10-24,9PM,2,6,3,263
2023-10-25,2PM,8,8,0,880
2023-10-25,5PM,6,3,3,633
2023-10-25,9PM,8,2,9,829
2023-10-26,2PM,8,6,8,868
2023-10-26,5PM,9,5,1,951
2023-10-26,9PM,5,3,4,534
2023-10-29,2PM,9,7,7,977
2023-10-29,5PM,9,9,3,993
2023-10-29,9PM,5,6,6,566
2023-10-30,2PM,3,5,6,356
2023-10-30,5PM,8,5,7,857
2023-10-30,9PM,3,7,3,373
2023-10-31,2PM,6,1,1,611
2023-10-31,5PM,5,5,7,557
2023-10-31,9PM,1,4,4,144
2023-11-01,2PM,4,2,2,422
2023-11-01,5PM,1,2,8,128
2023-11-01,9PM,4,9,8,498
2023-11-02,2PM,6,9,9,699
2023-11-02,5PM,3,8,9,389
2023-11-02,9PM,5,8,8,588
2023-11-03,2PM,9,9,1,991
2023-11-03,5PM,9,9,3,993
2023-11-03,9PM,0,4,1,041
2023-11-04,2PM,3,3,6,336
2023-11-04,5PM,9,9,4,994
2023-11-04,9PM,4,9,6,496
2023-11-05,2PM,1,3,5,135
2023-11-05,5PM,0,8,5,085
2023-11-05,9PM,4,4,5,445
2023-11-06,2PM,6,7,7,677
2023-11-06,5PM,4,4,2,442
2023-11-06,9PM,3,5,3,353
2023-11-07,2PM,9,1,7,917
2023-11-07,5PM,3,0,1,301
2023-11-07,9PM,9,2,9,929
2023-11-08,2PM,7,3,3,733
2023-11-08,5PM,5,8,0,580
2023-11-08,9PM,2,2,9,229
2023-11-09,2PM,6,2,7,627
2023-11-09,5PM,7,8,7,787
2023-11-09,9PM,1,1,5,115
2023-11-10,2PM,5,6,1,561
2023-11-10,5PM,3,8,7,387
2023-11-10,9PM,6,8,3,683
2023-11-11,2PM,8,6,8,868
2023-11-11,5PM,3,5,6,356
2023-11-11,9PM,8,8,2,882
2023-11-12,2PM,9,3,5,935
2023-11-12,5PM,0,6,6,066
2023-11-12,9PM,8,2,2,822
2023-11-13,2PM,5,3,7,537
2023-11-13,5PM,2,3,1,231
2023-11-13,9PM,5,1,0,510
2023-11-14,2PM,5,2,4,524
2023-11-14,5PM,6,8,3,683
2023-11-14,9PM,8,4,7,847
2023-11-15,2PM,4,1,6,416
2023-11-15,5PM,6,3,0,630
2023-11-15,9PM,1,0,8,108
2023-11-16,2PM,7,1,9,719
2023-11-16,5PM,8,1,6,816
2023-11-16,9PM,8,6,7,867
2023-11-17,2PM,3,2,2,322
2023-11-17,5PM,5,4,1,541
2023-11-17,9PM,7,3,5,735
2023-11-18,2PM,9,0,8,908
2023-11-18,5PM,3,5,6,356
2023-11-18,9PM,6,1,7,617
2023-11-19,2PM,2,8,9,289
2023-11-19,5PM,8,7,8,878
2023-11-19,9PM,4,7,6,476
2023-11-20,2PM,4,5,0,450
2023-11-20,5PM,0,6,7,067
2023-11-20,9PM,1,1,2,112
2023-11-21,2PM,4,9,6,496
2023-11-21,5PM,4,3,2,432
2023-11-21,9PM,1,2,8,128
2023-11-22,2PM,2,2,6,226
2023-11-22,5PM,2,2,8,228
2023-11-22,9PM,7,7,6,776
2023-11-23,2PM,8,8,1,881
2023-11-23,5PM,7,2,8,728
2023-11-23,9PM,0,7,5,075
2023-11-24,2PM,1,5,0,150
2023-11-24,5PM,0,3,4,034
2023-11-24,9PM,6,8,0,680
2023-11-25,2PM,6,9,0,690
2023-11-25,5PM,1,5,4,154
2023-11-25,9PM,6,0,5,605
2023-11-26,2PM,1,0,1,101
2023-11-26,5PM,5,5,8,558
2023-11-26,9PM,7,3,9,739
2023-11-27,2PM,1,3,3,133
2023-11-27,5PM,5,7,1,571
2023-11-27,9PM,7,7,5,775
2023-11-28,2PM,4,9,6,496
2023-11-28,5PM,8,1,7,817
2023-11-28,9PM,2,3,1,231
2023-11-29,2PM,1,6,5,165
2023-11-29,5PM,0,8,4,084
2023-11-29,9PM,8,6,7,867
2023-11-30,2PM,3,4,3,343
2023-11-30,5PM,4,6,8,468
2023-11-30,9PM,0,8,1,081
2023-12-01,2PM,8,0,3,803
2023-12-01,5PM,8,2,7,827
2023-12-01,9PM,0,3,4,034
2023-12-02,2PM,2,4,7,247
2023-12-02,5PM,2,6,5,265
2023-12-02,9PM,5,0,0,500
2023-12-03,2PM,4,6,4,464
2023-12-03,5PM,0,6,2,062
2023-12-03,9PM,6,5,4,654
2023-12-04,2PM,5,0,5,505
2023-12-04,5PM,6,0,6,606
2023-12-04,9PM,1,3,0,130
2023-12-05,2PM,7,9,1,791
2023-12-05,5PM,8,7,2,872
2023-12-05,9PM,1,4,2,142
2023-12-06,2PM,1,7,5,175
2023-12-06,5PM,9,9,7,997
2023-12-06,9PM,1,5,6,156
2023-12-07,2PM,2,1,6,216
2023-12-07,5PM,6,7,9,679
2023-12-07,9PM,5,1,7,517
2023-12-08,2PM,9,8,1,981
2023-12-08,5PM,9,3,7,937
2023-12-08,9PM,0,0,9,009
2023-12-09,2PM,1,5,0,150
2023-12-09,5PM,7,9,4,794
2023-12-09,9PM,2,3,1,231
2023-12-10,2PM,8,0,5,805
2023-12-10,5PM,5,6,8,568
2023-12-10,9PM,5,6,0,560
2023-12-11,2PM,3,5,3,353
2023-12-11,5PM,0,7,8,078
2023-12-11,9PM,7,4,8,748
2023-12-12,2PM,0,6,7,067
2023-12-12,5PM,3,6,9,369
2023-12-12,9PM,6,6,0,660
2023-12-13,2PM,0,1,4,014
2023-12-13,5PM,2,0,1,201
2023-12-13,9PM,3,5,3,353
2023-12-14,2PM,6,3,4,634
2023-12-14,5PM,5,0,4,504
2023-12-14,9PM,9,0,7,907
2023-12-15,2PM,2,4,7,247
2023-12-15,5PM,1,8,0,180
2023-12-15,9PM,7,2,6,726
2023-12-16,2PM,8,4,9,849
2023-12-16,5PM,5,5,9,559
2023-12-16,9PM,6,8,6,686
2023-12-17,2PM,8,5,9,859
2023-12-17,5PM,0,1,3,013
2023-12-17,9PM,9,9,7,997
2023-12-18,2PM,9,2,6,926
2023-12-18,5PM,5,1,7,517
2023-12-18,9PM,0,7,5,075
2023-12-19,2PM,8,2,0,820
2023-12-19,5PM,2,3,8,238
2023-12-19,9PM,3,2,4,324
2023-12-20,2PM,8,8,1,881
2023-12-20,5PM,1,9,3,193
2023-12-20,9PM,4,2,4,424
2023-12-21,2PM,9,3,3,933
2023-12-21,5PM,9,4,0,940
2023-12-21,9PM,9,7,6,976
2023-12-22,2PM,2,3,3,233
2023-12-22,5PM,4,8,5,485
2023-12-22,9PM,6,1,8,618
2023-12-23,2PM,0,4,6,046
2023-12-23,5PM,5,3,3,533
2023-12-23,9PM,9,4,3,943
2023-12-24,2PM,0,5,4,054
2023-12-24,5PM,7,7,0,770
2023-12-24,9PM,9,1,3,913
2023-12-26,2PM,3,4,7,347
2023-12-26,5PM,8,9,0,890
2023-12-26,9PM,7,6,9,769
2023-12-27,2PM,9,5,2,952
2023-12-27,5PM,3,0,8,308
2023-12-27,9PM,0,0,4,004
2023-12-28,2PM,2,1,6,216
2023-12-28,5PM,5,3,1,531
2023-12-28,9PM,4,3,0,430
2023-12-29,2PM,5,1,0,510
2023-12-29,5PM,3,5,4,354
2023-12-29,9PM,9,2,8,928
2023-12-30,2PM,5,7,1,571
2023-12-30,5PM,5,9,8,598
2023-12-30,9PM,4,0,7,407
2024-01-05,2PM,6,0,4,604
2024-01-05,5PM,5,7,6,576
2024-01-05,9PM,1,2,3,123
2024-01-06,2PM,4,1,3,413
2024-01-06,5PM,9,5,1,951
2024-01-06,9PM,9,9,7,997
2024-01-07,2PM,5,3,3,533
2024-01-07,5PM,7,2,1,721
2024-01-07,9PM,9,1,5,915
2024-01-08,2PM,0,2,4,024
2024-01-08,5PM,7,3,4,734
2024-01-08,9PM,5,3,5,535
2024-01-09,2PM,9,5,7,957
2024-01-09,5PM,3,0,5,305
2024-01-09,9PM,4,1,5,415
2024-01-10,2PM,1,9,8,198
2024-01-10,5PM,0,4,0,040
2024-01-10,9PM,8,1,0,810
2024-01-11,2PM,0,7,3,073
2024-01-11,5PM,5,2,1,521
2024-01-11,9PM,9,9,1,991
2024-01-12,2PM,4,4,7,447
2024-01-12,5PM,4,3,7,437
2024-01-12,9PM,2,4,1,241
2024-01-13,2PM,9,4,7,947
2024-01-13,5PM,1,3,2,132
2024-01-13,9PM,0,2,4,024
2024-01-14,2PM,5,5,0,550
2024-01-14,5PM,8,6,9,869
2024-01-14,9PM,3,1,0,310
2024-01-15,2PM,8,4,9,849
2024-01-15,5PM,9,7,7,977
2024-01-15,9PM,1,3,8,138
2024-01-16,2PM,3,1,7,317
2024-01-16,5PM,4,0,8,408
2024-01-16,9PM,5,8,4,584
2024-01-17,2PM,5,7,1,571
2024-01-17,5PM,7,7,0,770
2024-01-17,9PM,1,2,9,129
2024-01-18,2PM,8,4,0,840
2024-01-18,5PM,5,1,7,517
2024-01-18,9PM,9,1,5,915
2024-01-19,2PM,5,4,5,545
2024-01-19,5PM,5,0,5,505
2024-01-19,9PM,4,7,4,474
2024-01-20,2PM,8,2,6,826
2024-01-20,5PM,5,0,6,506
2024-01-20,9PM,3,7,4,374
2024-01-21,2PM,2,2,7,227
2024-01-21,5PM,7,2,3,723
2024-01-21,9PM,1,7,3,173
2024-01-22,2PM,6,1,5,615
2024-01-22,5PM,4,2,3,423
2024-01-22,9PM,5,5,6,556
2024-01-23,2PM,6,1,3,613
2024-01-23,5PM,6,6,0,660
2024-01-23,9PM,4,4,1,441
2024-01-24,2PM,4,5,7,457
2024-01-24,5PM,2,2,6,226
2024-01-24,9PM,0,2,5,025
2024-01-25,2PM,8,5,2,852
2024-01-25,5PM,5,0,0,500
2024-01-25,9PM,0,6,7,067
2024-01-26,2PM,3,3,2,332
2024-01-26,5PM,9,6,0,960
2024-01-26,9PM,4,0,2,402
2024-01-27,2PM,3,2,6,326
2024-01-27,5PM,7,6,6,766
2024-01-27,9PM,2,5,7,257
2024-01-29,2PM,8,1,0,810
2024-01-29,5PM,4,0,6,406
2024-01-29,9PM,2,2,4,224
2024-01-30,2PM,9,5,2,952
2024-01-30,5PM,8,5,7,857
2024-01-30,9PM,6,7,1,671
2024-01-31,2PM,0,3,2,032
2024-01-31,5PM,6,4,0,640
2024-01-31,9PM,0,8,2,082
2024-02-01,2PM,9,0,4,904
2024-02-01,5PM,2,9,7,297
2024-02-01,9PM,4,8,7,487
2024-02-02,2PM,5,1,9,519
2024-02-02,5PM,4,3,6,436
2024-02-02,9PM,9,8,4,984
2024-02-03,2PM,8,5,1,851
2024-02-03,5PM,3,7,2,372
2024-02-03,9PM,0,1,3,013
2024-02-04,2PM,0,7,0,070
2024-02-04,5PM,2,3,0,230
2024-02-04,9PM,0,4,8,048
2024-02-06,2PM,3,5,6,356
2024-02-06,5PM,4,8,8,488
2024-02-06,9PM,6,7,5,675
2024-02-07,2PM,0,2,0,020
2024-02-07,5PM,1,0,3,103
2024-02-07,9PM,7,5,3,753
2024-02-08,2PM,3,0,1,301
2024-02-08,5PM,3,8,9,389
2024-02-08,9PM,6,0,2,602
2024-02-09,2PM,4,9,9,499
2024-02-09,5PM,2,0,4,204
2024-02-09,9PM,8,0,5,805
2024-02-10,2PM,5,7,2,572
2024-02-10,5PM,4,5,1,451
2024-02-10,9PM,4,3,9,439
2024-02-11,2PM,3,7,7,377
2024-02-11,5PM,5,7,8,578
2024-02-11,9PM,9,7,3,973
2024-02-12,2PM,3,7,1,371
2024-02-12,5PM,6,1,9,619
2024-02-12,9PM,4,5,1,451
2024-02-13,2PM,4,1,4,414
2024-02-13,5PM,5,9,5,595
2024-02-13,9PM,2,9,1,291
2024-02-14,2PM,3,6,1,361
2024-02-14,5PM,0,7,7,077
2024-02-14,9PM,2,3,0,230
2024-02-15,2PM,7,1,7,717
2024-02-15,5PM,2,9,9,299
2024-02-15,9PM,1,9,2,192
2024-02-17,2PM,4,9,6,496
2024-02-17,5PM,6,1,8,618
2024-02-17,9PM,1,7,8,178
2024-02-18,2PM,5,8,2,582
2024-02-18,5PM,1,0,3,103
2024-02-18,9PM,2,4,5,245
2024-02-19,2PM,3,8,9,389
2024-02-19,5PM,4,9,4,494
2024-02-19,9PM,2,5,6,256
2024-02-20,2PM,7,2,9,729
2024-02-20,5PM,8,2,9,829
2024-02-20,9PM,5,1,5,515
2024-02-21,2PM,3,2,2,322
2024-02-21,5PM,7,1,3,713
2024-02-21,9PM,9,4,9,949
2024-02-22,2PM,3,2,2,322
2024-02-22,5PM,6,2,7,627
2024-02-22,9PM,9,7,3,973
2024-02-23,2PM,9,1,2,912
2024-02-23,5PM,1,1,9,119
2024-02-23,9PM,3,5,7,357
2024-02-24,2PM,2,6,7,267
2024-02-24,5PM,0,4,5,045
2024-02-24,9PM,3,4,3,343
2024-02-25,2PM,7,7,7,777
2024-02-25,5PM,6,8,3,683
2024-02-25,9PM,6,0,9,609
2024-02-26,2PM,0,1,9,019
2024-02-26,5PM,6,2,5,625
2024-02-26,9PM,8,9,4,894
2024-02-27,2PM,0,9,7,097
2024-02-27,5PM,2,9,1,291
2024-02-27,9PM,3,6,0,360
2024-02-28,2PM,7,3,5,735
2024-02-28,5PM,2,2,7,227
2024-02-28,9PM,8,6,5,865
2024-02-29,2PM,3,8,2,382
2024-02-29,5PM,8,8,4,884
2024-02-29,9PM,4,8,7,487
2024-03-01,2PM,2,8,3,283
2024-03-01,5PM,4,4,5,445
2024-03-01,9PM,8,7,0,870
2024-03-02,2PM,2,3,3,233
2024-03-02,5PM,2,1,4,214
2024-03-02,9PM,5,8,8,588
2024-03-03,2PM,0,8,2,082
2024-03-03,5PM,5,9,3,593
2024-03-03,9PM,9,6,8,968
2024-03-04,2PM,8,3,4,834
2024-03-04,5PM,8,3,9,839
2024-03-04,9PM,4,0,5,405
2024-03-05,2PM,9,0,2,902
2024-03-05,5PM,8,6,6,866
2024-03-05,9PM,6,7,1,671
2024-03-06,2PM,8,3,2,832
2024-03-06,5PM,8,2,1,821
2024-03-06,9PM,4,1,1,411
2024-03-07,2PM,4,8,9,489
2024-03-07,5PM,7,3,7,737
2024-03-07,9PM,3,6,5,365
2024-03-08,2PM,0,9,2,092
2024-03-08,5PM,7,7,6,776
2024-03-08,9PM,0,0,3,003
2024-03-09,2PM,9,1,4,914
2024-03-09,5PM,1,2,8,128
2024-03-09,9PM,5,6,4,564
2024-03-10,2PM,8,8,8,888
2024-03-10,5PM,4,6,7,467
2024-03-10,9PM,2,2,1,221
2024-03-11,2PM,1,2,6,126
2024-03-11,5PM,9,6,3,963
2024-03-11,9PM,8,8,2,882
2024-03-12,2PM,6,6,6,666
2024-03-12,5PM,4,3,8,438
2024-03-12,9PM,2,8,9,289
2024-03-13,2PM,2,5,1,251
2024-03-13,5PM,4,9,6,496
2024-03-13,9PM,9,0,9,909
2024-03-14,2PM,7,3,4,734
2024-03-14,5PM,0,6,4,064
2024-03-14,9PM,4,2,2,422
2024-03-15,2PM,1,1,6,116
2024-03-15,5PM,4,9,2,492
2024-03-15,9PM,2,9,5,295
2024-03-16,2PM,5,9,8,598
2024-03-16,5PM,9,1,5,915
2024-03-16,9PM,4,3,9,439
2024-03-17,2PM,3,3,2,332
2024-03-17,5PM,0,4,4,044
2024-03-17,9PM,0,4,2,042
2024-03-18,2PM,3,9,7,397
2024-03-18,5PM,4,1,1,411
2024-03-18,9PM,3,7,9,379
2024-03-19,2PM,6,8,5,685
2024-03-19,5PM,0,5,1,051
2024-03-19,9PM,2,7,1,271
2024-03-20,2PM,6,9,8,698
2024-03-20,5PM,8,0,7,807
2024-03-20,9PM,4,2,7,427
2024-03-21,2PM,3,8,5,385
2024-03-21,5PM,9,1,9,919
2024-03-21,9PM,0,5,7,057
2024-03-22,2PM,4,3,8,438
2024-03-22,5PM,3,0,8,308
2024-03-22,9PM,7,9,6,796
2024-03-23,2PM,4,5,1,451
2024-03-23,5PM,0,1,3,013
2024-03-23,9PM,6,8,1,681
2024-03-24,2PM,5,2,6,526
2024-03-24,5PM,0,9,2,092
2024-03-24,9PM,7,4,0,740
2024-03-25,2PM,8,4,7,847
2024-03-25,5PM,1,2,6,126
2024-03-25,9PM,8,7,2,872
2024-03-26,2PM,6,0,2,602
2024-03-26,5PM,1,5,7,157
2024-03-26,9PM,5,0,5,505
2024-03-27,2PM,3,0,7,307
2024-03-27,5PM,5,8,6,586
2024-03-27,9PM,3,0,2,302
2024-05-01,2PM,9,8,4,984
2024-05-01,5PM,2,6,5,265
2024-05-01,9PM,0,7,5,075
2024-05-02,2PM,6,0,1,601
2024-05-02,5PM,6,6,0,660
2024-05-02,9PM,4,8,2,482
2024-05-03,2PM,0,2,1,021
2024-05-03,5PM,3,3,1,331
2024-05-03,9PM,6,0,6,606
2024-05-04,2PM,6,9,0,690
2024-05-04,5PM,1,5,2,152
2024-05-04,9PM,6,1,7,617
2024-05-05,2PM,9,6,7,967
2024-05-05,5PM,2,1,6,216
2024-05-05,9PM,0,5,4,054
2024-05-06,2PM,1,5,6,156
2024-05-06,5PM,3,6,0,360
2024-05-06,9PM,0,1,3,013
2024-05-07,2PM,8,4,6,846
2024-05-07,5PM,0,3,4,034
2024-05-07,9PM,4,2,5,425
2024-05-08,2PM,3,2,0,320
2024-05-08,5PM,2,2,9,229
2024-05-08,9PM,8,7,3,873
2024-05-10,2PM,2,8,9,289
2024-05-10,5PM,7,7,3,773
2024-05-10,9PM,0,8,3,083
2024-05-11,2PM,1,6,9,169
2024-05-11,5PM,7,9,7,797
2024-05-11,9PM,7,2,9,729
2024-05-12,2PM,8,9,5,895
2024-05-12,5PM,6,8,5,685
2024-05-12,9PM,0,3,7,037
2024-05-13,2PM,3,5,4,354
2024-05-13,5PM,0,3,6,036
2024-05-13,9PM,6,4,5,645
2024-05-14,2PM,9,8,7,987
2024-05-14,5PM,9,8,8,988
2024-05-14,9PM,1,9,2,192
2024-05-15,2PM,1,4,7,147
2024-05-15,5PM,4,7,0,470
2024-05-15,9PM,1,1,1,111
2024-05-16,2PM,1,5,9,159
2024-05-16,5PM,1,9,4,194
2024-05-16,9PM,9,6,3,963
2024-05-17,2PM,1,3,0,130
2024-05-17,5PM,3,1,9,319
2024-05-17,9PM,5,6,4,564
2024-05-18,2PM,5,1,5,515
2024-05-18,5PM,0,3,9,039
2024-05-18,9PM,0,5,2,052
2024-05-19,2PM,6,6,6,666
2024-05-19,5PM,0,8,3,083
2024-05-19,9PM,3,2,7,327
2024-05-20,2PM,2,9,1,291
2024-05-20,5PM,3,0,2,302
2024-05-20,9PM,4,2,1,421
2024-05-22,2PM,9,0,1,901
2024-05-22,5PM,2,0,0,200
2024-05-22,9PM,7,1,1,711
2024-05-23,2PM,2,6,5,265
2024-05-23,5PM,4,2,1,421
2024-05-23,9PM,2,0,9,209
2024-05-24,2PM,4,0,4,404
2024-05-24,5PM,2,1,4,214
2024-05-24,9PM,1,6,4,164
2024-05-25,2PM,3,3,0,330
2024-05-25,5PM,5,2,4,524
2024-05-25,9PM,1,2,7,127
2024-05-26,2PM,4,1,9,419
2024-05-26,5PM,9,9,9,999
2024-05-26,9PM,7,3,5,735
2024-05-27,2PM,3,7,9,379
2024-05-27,5PM,9,6,8,968
2024-05-27,9PM,3,5,5,355
2024-05-29,2PM,9,0,8,908
2024-05-29,5PM,2,1,1,211
2024-05-29,9PM,7,9,3,793
2024-05-30,2PM,4,7,5,475
2024-05-30,5PM,9,7,8,978
2024-05-30,9PM,4,2,4,424
2024-05-31,2PM,1,3,7,137
2024-05-31,5PM,2,5,4,254
2024-05-31,9PM,6,6,6,666
2024-08-01,2PM,3,0,7,307
2024-08-01,5PM,8,9,4,894
2024-08-01,9PM,3,9,0,390
2024-08-02,2PM,7,7,7,777
2024-08-02,5PM,3,8,7,387
2024-08-02,9PM,9,7,2,972
2024-08-03,2PM,2,7,3,273
2024-08-03,5PM,0,8,8,088
2024-08-03,9PM,9,2,4,924
2024-08-04,2PM,3,3,4,334
2024-08-04,5PM,5,6,1,561
2024-08-04,9PM,8,8,1,881
2024-08-05,2PM,0,7,5,075
2024-08-05,5PM,7,4,0,740
2024-08-05,9PM,8,2,7,827
2024-08-06,2PM,9,7,7,977
2024-08-06,5PM,4,8,3,483
2024-08-06,9PM,7,3,5,735
2024-08-07,2PM,7,3,8,738
2024-08-07,5PM,8,6,5,865
2024-08-07,9PM,4,3,5,435
2024-08-08,2PM,2,4,8,248
2024-08-08,5PM,9,5,8,958
2024-08-08,9PM,5,5,6,556
2024-08-09,2PM,2,7,6,276
2024-08-09,5PM,1,6,6,166
2024-08-09,9PM,0,9,5,095
2024-08-10,2PM,0,8,7,087
2024-08-10,5PM,4,0,7,407
2024-08-10,9PM,9,3,0,930
2024-08-11,2PM,1,5,9,159
2024-08-11,5PM,5,7,4,574
2024-08-11,9PM,8,3,1,831
2024-08-12,2PM,8,0,3,803
2024-08-12,5PM,3,6,7,367
2024-08-12,9PM,8,4,8,848
2024-08-13,2PM,6,1,2,612
2024-08-13,5PM,9,0,9,909
2024-08-13,9PM,2,3,5,235
2024-08-14,2PM,3,5,6,356
2024-08-14,5PM,3,5,5,355
2024-08-14,9PM,9,2,2,922
2024-08-15,2PM,5,2,5,525
2024-08-15,5PM,1,3,3,133
2024-08-15,9PM,3,8,8,388
2024-08-16,2PM,8,9,6,896
2024-08-16,5PM,7,7,3,773
2024-08-16,9PM,3,3,1,331
2024-08-17,2PM,3,1,4,314
2024-08-17,5PM,9,9,0,990
2024-08-17,9PM,2,0,1,201
2024-08-18,2PM,6,1,5,615
2024-08-18,5PM,7,1,6,716
2024-08-18,9PM,0,2,8,028
2024-08-19,2PM,4,7,1,471
2024-08-19,5PM,6,9,6,696
2024-08-19,9PM,4,0,8,408
2024-08-20,2PM,9,6,9,969
2024-08-20,5PM,4,4,4,444
2024-08-20,9PM,8,9,9,899
2024-08-21,2PM,8,0,9,809
2024-08-21,5PM,2,9,2,292
2024-08-21,9PM,7,3,9,739
2024-08-22,2PM,1,7,7,177
2024-08-22,5PM,7,4,6,746
2024-08-22,9PM,7,0,2,702
2024-08-23,2PM,0,1,3,013
2024-08-23,5PM,7,7,3,773
2024-08-23,9PM,2,3,1,231
2024-08-24,2PM,2,8,1,281
2024-08-24,5PM,5,0,7,507
2024-08-24,9PM,5,7,9,579
2024-08-25,2PM,3,0,1,301
2024-08-25,5PM,1,4,0,140
2024-08-25,9PM,9,7,4,974
2024-08-26,2PM,1,8,8,188
2024-08-26,5PM,2,4,0,240
2024-08-26,9PM,7,4,2,742
2024-08-27,2PM,1,1,0,110
2024-08-27,5PM,5,4,3,543
2024-08-27,9PM,3,7,5,375
2024-08-28,2PM,5,6,0,560
2024-08-28,5PM,9,6,3,963
2024-08-28,9PM,9,0,1,901
2024-08-29,2PM,2,4,2,242
2024-08-29,5PM,4,4,4,444
2024-08-29,9PM,7,5,7,757
2024-08-30,2PM,0,1,4,014
2024-08-30,5PM,7,3,7,737
2024-08-30,9PM,1,2,6,126
2024-08-31,2PM,8,6,2,862
2024-08-31,5PM,1,6,0,160
2024-08-31,9PM,9,6,8,968
2024-10-01,2PM,9,3,4,934
2024-10-01,5PM,8,3,1,831
2024-10-01,9PM,8,2,0,820
2024-10-02,2PM,8,1,2,812
2024-10-02,5PM,7,7,8,778
2024-10-02,9PM,2,6,6,266
2024-10-03,2PM,5,2,7,527
2024-10-03,5PM,0,5,6,056
2024-10-03,9PM,3,0,8,308
2024-10-04,2PM,6,0,8,608
2024-10-04,5PM,6,6,9,669
2024-10-04,9PM,8,3,2,832
2024-10-05,2PM,7,0,0,700
2024-10-05,5PM,7,2,8,728
2024-10-05,9PM,2,8,3,283
2024-10-06,2PM,5,0,2,502
2024-10-06,5PM,1,8,0,180
2024-10-06,9PM,2,5,1,251
2024-10-07,2PM,1,4,6,146
2024-10-07,5PM,3,8,8,388
2024-10-07,9PM,2,6,7,267
2024-10-08,2PM,6,2,7,627
2024-10-08,5PM,7,1,1,711
2024-10-08,9PM,6,6,6,666
2024-10-09,2PM,3,4,8,348
2024-10-09,5PM,2,0,9,209
2024-10-09,9PM,7,3,4,734
2024-10-10,2PM,9,7,2,972
2024-10-10,5PM,8,3,4,834
2024-10-10,9PM,3,1,0,310
2024-10-11,2PM,9,7,5,975
2024-10-11,5PM,0,0,6,006
2024-10-11,9PM,5,3,3,533
2024-10-12,2PM,4,1,7,417
2024-10-12,5PM,7,7,4,774
2024-10-12,9PM,6,7,1,671
2024-10-13,2PM,7,3,8,738
2024-10-13,5PM,4,5,0,450
2024-10-13,9PM,4,4,3,443
2024-10-14,2PM,2,7,8,278
2024-10-14,5PM,2,7,1,271
2024-10-14,9PM,1,5,9,159
2024-10-15,2PM,0,0,4,004
2024-10-15,5PM,8,3,8,838
2024-10-15,9PM,7,0,1,701
2024-10-16,2PM,9,7,3,973
2024-10-16,5PM,8,2,1,821
2024-10-16,9PM,7,3,9,739
2024-10-17,2PM,0,7,7,077
2024-10-17,5PM,4,4,6,446
2024-10-17,9PM,0,3,2,032
2024-10-18,2PM,5,9,8,598
2024-10-18,5PM,1,0,9,109
2024-10-18,9PM,8,1,2,812
2024-10-19,2PM,9,9,8,998
2024-10-19,5PM,2,9,0,290
2024-10-19,9PM,0,9,3,093
2024-10-20,2PM,6,6,4,664
2024-10-20,5PM,5,7,9,579
2024-10-20,9PM,3,4,9,349
2024-10-21,2PM,9,9,6,996
2024-10-21,5PM,6,8,7,687
2024-10-21,9PM,6,5,3,653
2024-10-22,2PM,8,7,4,874
2024-10-22,5PM,6,7,0,670
2024-10-22,9PM,2,2,9,229
2024-10-23,2PM,8,2,6,826
2024-10-23,5PM,3,4,2,342
2024-10-23,9PM,8,0,4,804
2024-10-24,2PM,9,5,4,954
2024-10-24,5PM,0,3,6,036
2024-10-24,9PM,8,7,4,874
2024-10-25,2PM,7,6,9,769
2024-10-25,5PM,0,4,2,042
2024-10-25,9PM,6,3,2,632
2024-10-26,2PM,6,6,5,665
2024-10-26,5PM,4,9,2,492
2024-10-26,9PM,4,4,7,447
2024-10-27,2PM,3,1,2,312
2024-10-27,5PM,8,7,6,876
2024-10-27,9PM,4,7,0,470
2024-10-28,2PM,0,3,0,030
2024-10-28,5PM,1,4,1,141
2024-10-28,9PM,4,9,5,495
2024-10-29,2PM,8,5,5,855
2024-10-29,5PM,5,0,6,506
2024-10-29,9PM,6,6,8,668
2024-10-30,2PM,2,8,2,282
2024-10-30,5PM,1,8,6,186
2024-10-30,9PM,3,0,8,308
2024-10-31,2PM,1,2,4,124
2024-10-31,5PM,3,6,6,366
2024-10-31,9PM,9,7,4,974
2024-11-01,2PM,2,6,3,263
2024-11-01,5PM,6,8,8,688
2024-11-01,9PM,7,8,6,786
2024-11-02,2PM,0,7,7,077
2024-11-02,5PM,5,5,6,556
2024-11-02,9PM,2,1,9,219
2024-11-03,2PM,5,2,7,527
2024-11-03,5PM,5,4,2,542
2024-11-03,9PM,9,3,0,930
2024-11-04,2PM,6,5,3,653
2024-11-04,5PM,5,2,4,524
2024-11-05,2PM,1,4,6,146
2024-11-05,5PM,5,1,8,518
2024-11-05,9PM,7,2,1,721
2024-11-06,2PM,9,6,8,968
2024-11-06,5PM,2,7,5,275
2024-11-06,9PM,2,6,6,266
2024-11-07,2PM,7,4,2,742
2024-11-07,5PM,7,6,1,761
2024-11-07,9PM,9,0,4,904
2024-11-08,2PM,4,6,5,465
2024-11-08,5PM,9,5,4,954
2024-11-08,9PM,8,9,4,894
2024-11-09,2PM,7,7,1,771
2024-11-09,5PM,0,2,6,026
2024-11-09,9PM,6,5,2,652
2024-11-10,2PM,5,5,7,557
2024-11-10,5PM,4,6,4,464
2024-11-10,9PM,2,6,6,266
2024-11-11,2PM,2,6,0,260
2024-11-11,5PM,1,9,7,197
2024-11-11,9PM,6,4,3,643
2024-11-12,2PM,7,8,9,789
2024-11-12,5PM,0,9,9,099
2024-11-12,9PM,0,3,2,032
2024-11-13,2PM,2,2,6,226
2024-11-13,5PM,9,5,0,950
2024-11-13,9PM,3,7,1,371
2024-11-14,2PM,8,1,7,817
2024-11-14,5PM,1,0,4,104
2024-11-14,9PM,9,3,6,936
2024-11-15,2PM,9,2,1,921
2024-11-15,5PM,1,8,3,183
2024-11-15,9PM,3,3,9,339
2024-11-16,2PM,2,7,8,278
2024-11-16,5PM,5,6,2,562
2024-11-16,9PM,2,9,5,295
2024-11-17,2PM,7,0,1,701
2024-11-17,5PM,3,3,5,335
2024-11-17,9PM,9,4,3,943
2024-11-18,2PM,0,5,2,052
2024-11-18,5PM,8,9,6,896
2024-11-18,9PM,6,2,8,628
2024-11-19,2PM,0,6,8,068
2024-11-19,5PM,7,8,5,785
2024-11-19,9PM,5,0,5,505
2024-11-20,2PM,7,9,2,792
2024-11-20,5PM,0,7,7,077
2024-11-20,9PM,0,3,4,034
2024-11-21,2PM,3,6,6,366
2024-11-21,5PM,3,9,5,395
2024-11-21,9PM,8,7,1,871
2024-11-22,2PM,6,9,6,696
2024-11-22,5PM,6,1,4,614
2024-11-22,9PM,1,2,6,126
2024-11-23,2PM,8,7,5,875
2024-11-23,5PM,4,6,0,460
2024-11-23,9PM,0,8,2,082
2024-11-24,2PM,8,4,0,840
2024-11-24,5PM,9,1,6,916
2024-11-24,9PM,6,1,9,619
2024-11-25,2PM,4,2,7,427
2024-11-25,5PM,7,9,0,790
2024-11-25,9PM,3,4,4,344
2024-11-26,2PM,3,0,5,305
2024-11-26,5PM,9,1,0,910
2024-11-26,9PM,9,1,7,917
2024-11-27,2PM,6,4,9,649
2024-11-27,5PM,0,5,1,051
2024-11-27,9PM,4,7,8,478
2024-11-28,2PM,4,5,0,450
2024-11-28,5PM,6,0,6,606
2024-11-28,9PM,5,8,3,583
2024-11-29,2PM,6,9,3,693
2024-11-29,5PM,2,0,9,209
2024-11-29,9PM,6,7,4,674
2024-11-30,2PM,3,8,3,383
2024-11-30,5PM,3,8,9,389
2024-11-30,9PM,4,8,6,486
2024-12-01,2PM,2,9,7,297
2024-12-01,5PM,5,4,4,544
2024-12-01,9PM,6,1,6,616
2024-12-02,2PM,9,0,7,907
2024-12-02,5PM,3,1,9,319
2024-12-02,9PM,1,7,2,172
2024-12-03,2PM,1,7,9,179
2024-12-03,5PM,0,6,9,069
2024-12-03,9PM,0,4,7,047
2024-12-04,2PM,4,3,9,439
2024-12-04,5PM,4,1,2,412
2024-12-04,9PM,9,6,5,965
2024-12-05,2PM,4,3,1,431
2024-12-05,5PM,0,8,8,088
2024-12-05,9PM,5,7,4,574
2024-12-06,2PM,5,1,4,514
2024-12-06,5PM,6,2,3,623
2024-12-06,9PM,0,5,0,050
2024-12-07,2PM,6,1,9,619
2024-12-07,5PM,7,3,6,736
2024-12-07,9PM,1,9,7,197
2024-12-08,2PM,0,4,0,040
2024-12-08,5PM,7,3,1,731
2024-12-08,9PM,3,6,4,364
2024-12-09,2PM,7,5,2,752
2024-12-09,5PM,9,8,7,987
2024-12-09,9PM,3,9,1,391
2024-12-10,2PM,2,2,9,229
2024-12-10,5PM,0,2,3,023
2024-12-10,9PM,9,9,8,998
2024-12-11,2PM,4,6,7,467
2024-12-11,5PM,5,1,7,517
2024-12-11,9PM,4,2,5,425
2024-12-12,2PM,0,6,4,064
2024-12-12,5PM,4,0,3,403
2024-12-12,9PM,0,5,3,053
2024-12-13,2PM,0,0,1,001
2024-12-13,5PM,7,3,7,737
2024-12-13,9PM,2,3,0,230
2024-12-14,2PM,4,4,0,440
2024-12-14,5PM,3,3,9,339
2024-12-14,9PM,9,8,0,980
2024-12-15,2PM,7,3,0,730
2024-12-15,5PM,9,1,1,911
2024-12-15,9PM,4,8,8,488
2024-12-16,2PM,5,9,9,599
2024-12-16,5PM,1,9,8,198
2024-12-16,9PM,8,3,9,839
2024-12-17,2PM,0,0,8,008
2024-12-17,5PM,9,3,3,933
2024-12-17,9PM,7,3,7,737
2024-12-18,2PM,7,7,6,776
2024-12-18,5PM,4,0,5,405
2024-12-18,9PM,2,1,4,214
2024-12-19,2PM,0,8,5,085
2024-12-19,5PM,8,8,0,880
2024-12-19,9PM,3,2,3,323
2024-12-20,2PM,7,4,8,748
2024-12-20,5PM,7,3,0,730
2024-12-20,9PM,1,6,5,165
2024-12-21,2PM,3,6,7,367
2024-12-21,5PM,6,4,0,640
2024-12-21,9PM,6,4,6,646
2024-12-22,2PM,9,6,4,964
2024-12-22,5PM,3,0,9,309
2024-12-22,9PM,7,2,0,720
2024-12-23,2PM,3,1,0,310
2024-12-23,5PM,3,0,1,301
2024-12-23,9PM,3,3,4,334
2024-12-24,2PM,6,0,9,609
2024-12-24,5PM,4,3,1,431
2024-12-24,9PM,8,5,0,850
2024-12-25,2PM,8,9,3,893
2024-12-25,5PM,6,2,2,622
2024-12-25,9PM,6,5,6,656
2024-12-26,2PM,7,2,6,726
2024-12-26,5PM,0,0,5,005
2024-12-26,9PM,2,4,8,248
2024-12-27,2PM,2,9,2,292
2024-12-27,5PM,8,5,9,859
2024-12-27,9PM,4,6,3,463
2024-12-28,2PM,6,8,7,687
2024-12-28,5PM,7,0,7,707
2024-12-28,9PM,0,2,4,024
2024-12-29,2PM,8,8,7,887
2024-12-29,5PM,9,5,6,956
2024-12-29,9PM,7,4,8,748
2024-12-30,2PM,0,8,6,086
2024-12-30,5PM,5,2,8,528
2024-12-30,9PM,0,4,0,040
2024-12-31,2PM,0,5,8,058
2024-12-31,5PM,9,2,2,922
2024-12-31,9PM,5,8,7,587
2025-01-01,2PM,5,7,8,578
2025-01-01,5PM,3,4,2,342
2025-01-01,9PM,6,4,5,645
2025-01-02,2PM,2,6,7,267
2025-01-02,5PM,6,3,9,639
2025-01-02,9PM,2,9,2,292
2025-01-03,2PM,8,3,5,835
2025-01-03,5PM,3,5,9,359
2025-01-03,9PM,5,9,3,593
2025-01-04,2PM,7,5,9,759
2025-01-04,5PM,9,1,1,911
2025-01-04,9PM,5,5,1,551
2025-01-05,2PM,0,1,2,012
2025-01-05,5PM,4,1,3,413
2025-01-05,9PM,2,0,8,208
2025-01-06,2PM,9,5,0,950
2025-01-06,5PM,9,3,0,930
2025-01-06,9PM,6,8,1,681
2025-01-07,2PM,0,4,7,047
2025-01-07,5PM,6,6,5,665
2025-01-07,9PM,5,1,9,519
2025-01-08,2PM,0,2,2,022
2025-01-08,5PM,0,6,1,061
2025-01-08,9PM,0,1,4,014
2025-01-09,2PM,8,4,1,841
2025-01-09,5PM,3,9,5,395
2025-01-09,9PM,9,7,1,971
2025-01-10,2PM,7,4,9,749
2025-01-10,5PM,3,5,6,356
2025-01-10,9PM,2,0,6,206
2025-01-11,2PM,4,6,9,469
2025-01-11,5PM,3,9,1,391
2025-01-11,9PM,4,7,9,479
2025-01-12,2PM,4,5,5,455
2025-01-12,5PM,2,5,2,252
2025-01-12,9PM,4,5,2,452
2025-01-13,2PM,7,7,6,776
2025-01-13,5PM,0,8,6,086
2025-01-13,9PM,4,1,8,418
2025-01-14,2PM,8,5,5,855
2025-01-14,5PM,3,0,0,300
2025-01-14,9PM,6,3,6,636
2025-01-15,2PM,2,3,5,235
2025-01-15,5PM,9,8,9,989
2025-01-15,9PM,9,5,9,959
2025-01-16,2PM,4,8,6,486
2025-01-16,5PM,5,3,1,531
2025-01-16,9PM,7,0,1,701
2025-01-17,2PM,4,4,3,443
2025-01-17,5PM,2,4,2,242
2025-01-17,9PM,6,2,7,627
2025-01-18,2PM,3,2,3,323
2025-01-18,5PM,7,8,1,781
2025-01-18,9PM,7,9,3,793
2025-01-19,2PM,5,2,6,526
2025-01-19,5PM,4,2,2,422
2025-01-19,9PM,0,5,9,059
2025-01-20,2PM,8,9,0,890
2025-01-20,5PM,1,6,4,164
2025-01-20,9PM,2,2,1,221
2025-01-21,2PM,8,7,3,873
2025-01-21,5PM,4,0,3,403
2025-01-21,9PM,7,1,4,714
2025-01-22,2PM,3,2,2,322
2025-01-22,5PM,7,0,5,705
2025-01-22,9PM,6,5,4,654
2025-01-23,2PM,4,2,7,427
2025-01-23,5PM,2,0,1,201
2025-01-23,9PM,3,0,7,307
2025-01-24,2PM,0,0,7,007
2025-01-24,5PM,4,9,5,495
2025-01-24,9PM,8,4,2,842
2025-01-25,2PM,6,7,3,673
2025-01-25,5PM,1,6,3,163
2025-01-25,9PM,3,2,0,320
2025-01-26,2PM,9,6,4,964
2025-01-26,5PM,2,8,1,281
2025-01-26,9PM,5,4,6,546
2025-01-27,2PM,0,6,4,064
2025-01-27,5PM,0,8,7,087
2025-01-27,9PM,9,8,6,986
2025-01-28,2PM,4,9,4,494
2025-01-28,5PM,1,9,4,194
2025-01-28,9PM,4,2,6,426
2025-01-29,2PM,4,0,1,401
2025-01-29,5PM,1,4,9,149
2025-01-29,9PM,9,8,5,985
2025-01-30,2PM,3,4,1,341
2025-01-30,5PM,9,0,4,904
2025-01-30,9PM,8,4,5,845
2025-01-31,2PM,3,2,1,321
2025-01-31,5PM,6,5,5,655
2025-01-31,9PM,4,1,2,412
2025-02-01,2PM,7,6,6,766
2025-02-01,5PM,1,4,5,145
2025-02-01,9PM,2,2,3,223
2025-02-02,2PM,4,8,4,484
2025-02-02,5PM,2,4,0,240
2025-02-02,9PM,8,9,8,898
2025-02-03,2PM,2,8,2,282
2025-02-03,5PM,8,7,8,878
2025-02-03,9PM,1,7,5,175
2025-02-04,2PM,1,8,8,188
2025-02-04,5PM,0,7,0,070
2025-02-04,9PM,8,4,1,841
2025-02-05,2PM,8,7,2,872
2025-02-05,5PM,2,5,7,257
2025-02-05,9PM,7,7,9,779
2025-02-06,2PM,3,1,8,318
2025-02-06,5PM,2,5,8,258
2025-02-06,9PM,3,3,3,333
2025-02-07,2PM,3,4,4,344
2025-02-07,5PM,5,2,9,529
2025-02-07,9PM,7,7,0,770
2025-02-08,2PM,1,4,6,146
2025-02-08,5PM,5,6,9,569
2025-02-08,9PM,6,2,5,625
2025-02-09,2PM,4,6,3,463
2025-02-09,5PM,8,8,1,881
2025-02-09,9PM,6,1,6,616
2025-02-10,2PM,8,0,7,807
2025-02-10,5PM,6,8,0,680
2025-02-10,9PM,0,2,7,027
2025-02-11,2PM,0,7,4,074
2025-02-11,5PM,2,6,0,260
2025-02-11,9PM,9,4,5,945
2025-02-12,2PM,4,4,7,447
2025-02-12,5PM,2,6,5,265
2025-02-12,9PM,2,5,8,258
2025-02-13,2PM,3,5,2,352
2025-02-13,5PM,6,7,9,679
2025-02-13,9PM,8,1,3,813
2025-02-14,2PM,7,1,0,710
2025-02-14,5PM,3,6,0,360
2025-02-14,9PM,7,5,8,758
2025-02-15,2PM,2,8,6,286
2025-02-15,5PM,6,1,0,610
2025-02-15,9PM,1,9,3,193
2025-02-16,2PM,8,9,3,893
2025-02-16,5PM,2,6,3,263
2025-02-16,9PM,8,0,1,801
2025-02-17,2PM,1,6,2,162
2025-02-17,5PM,2,5,6,256
2025-02-17,9PM,5,5,5,555
2025-02-18,2PM,7,5,9,759
2025-02-18,5PM,8,9,9,899
2025-02-18,9PM,2,5,8,258
2025-02-19,2PM,9,7,5,975
2025-02-19,5PM,0,7,7,077
2025-02-19,9PM,4,2,5,425
2025-02-20,2PM,5,7,0,570
2025-02-20,5PM,2,4,7,247
2025-02-20,9PM,7,5,2,752
2025-02-21,2PM,1,3,9,139
2025-02-21,5PM,4,0,0,400
2025-02-21,9PM,2,4,7,247
2025-02-22,2PM,8,8,2,882
2025-02-22,5PM,5,9,9,599
2025-02-22,9PM,9,9,8,998
2025-02-23,2PM,6,9,5,695
2025-02-23,5PM,5,7,6,576
2025-02-23,9PM,8,9,9,899
2025-02-24,2PM,6,3,3,633
2025-02-24,5PM,4,8,1,481
2025-02-24,9PM,1,2,6,126
2025-02-25,2PM,1,0,4,104
2025-02-25,5PM,0,3,7,037
2025-02-25,9PM,5,7,5,575
2025-02-26,2PM,0,8,1,081
2025-02-26,5PM,3,6,1,361
2025-02-26,9PM,8,8,5,885
2025-02-27,2PM,3,7,2,372
2025-02-27,5PM,9,6,8,968
2025-02-27,9PM,8,2,8,828
2025-02-28,2PM,3,9,0,390
2025-02-28,5PM,3,5,3,353
2025-02-28,9PM,6,1,7,617
2025-03-01,2PM,6,2,9,629
2025-03-01,5PM,8,1,0,810
2025-03-01,9PM,2,7,5,275
2025-03-02,2PM,2,1,1,211
2025-03-02,5PM,7,3,4,734
2025-03-02,9PM,6,9,2,692
2025-03-03,2PM,8,5,2,852
2025-03-03,5PM,5,1,1,511
2025-03-03,9PM,7,4,8,748
2025-03-04,2PM,6,3,6,636
2025-03-04,5PM,7,7,3,773
2025-03-04,9PM,9,8,8,988
2025-03-05,2PM,2,2,9,229
2025-03-05,5PM,8,5,3,853
2025-03-05,9PM,8,6,9,869
2025-03-06,2PM,7,4,4,744
2025-03-06,5PM,2,2,1,221
2025-03-06,9PM,9,1,6,916
2025-03-07,2PM,0,2,1,021
2025-03-07,5PM,3,8,0,380
2025-03-07,9PM,9,7,6,976
2025-03-09,2PM,9,4,0,940
2025-03-09,5PM,3,3,4,334
2025-03-09,9PM,6,9,0,690
2025-03-10,2PM,1,7,4,174
2025-03-10,5PM,7,6,2,762
2025-03-10,9PM,5,7,0,570
2025-03-11,2PM,0,5,7,057
2025-03-11,5PM,4,3,6,436
2025-03-11,9PM,9,3,4,934
2025-03-12,2PM,8,5,3,853
2025-03-12,5PM,7,6,1,761
2025-03-12,9PM,8,2,1,821
2025-03-13,2PM,4,1,6,416
2025-03-13,5PM,6,9,7,697
2025-03-13,9PM,7,7,8,778
2025-03-15,2PM,6,4,7,647
2025-03-15,5PM,3,9,1,391
2025-03-15,9PM,4,4,3,443
2025-03-16,2PM,2,9,4,294
2025-03-16,5PM,6,5,8,658
2025-03-16,9PM,5,1,6,516
2025-03-17,2PM,3,9,4,394
2025-03-17,5PM,1,7,0,170
2025-03-17,9PM,4,7,8,478
2025-03-18,2PM,6,6,6,666
2025-03-18,5PM,3,5,8,358
2025-03-18,9PM,7,3,9,739
2025-03-19,2PM,7,3,4,734
2025-03-19,5PM,1,0,8,108
2025-03-19,9PM,2,3,7,237
2025-03-20,2PM,2,6,2,262
2025-03-20,5PM,1,1,8,118
2025-03-20,9PM,9,4,6,946
2025-03-21,2PM,3,9,2,392
2025-03-21,5PM,9,3,1,931
2025-03-21,9PM,2,1,1,211
2025-03-22,2PM,0,1,1,011
2025-03-22,5PM,4,3,4,434
2025-03-22,9PM,4,9,2,492
2025-03-23,2PM,2,2,0,220
2025-03-23,5PM,1,7,5,175
2025-03-23,9PM,2,1,3,213
2025-03-24,2PM,1,7,6,176
2025-03-24,5PM,5,0,5,505
2025-03-24,9PM,5,6,1,561
2025-03-25,2PM,5,3,3,533
2025-03-25,5PM,9,9,6,996
2025-03-25,9PM,6,5,7,657
2025-03-26,2PM,2,8,2,282
2025-03-26,5PM,2,7,4,274
2025-03-26,9PM,6,5,1,651
2025-03-27,2PM,1,1,9,119
2025-03-27,5PM,1,0,4,104
2025-03-27,9PM,0,7,3,073
2025-03-28,2PM,4,2,6,426
2025-03-28,5PM,7,7,5,775
2025-03-28,9PM,2,3,4,234
2025-03-29,2PM,2,8,3,283
2025-03-29,5PM,6,9,9,699
2025-03-29,9PM,3,6,3,363
2025-03-30,2PM,3,8,3,383
2025-03-30,5PM,5,0,9,509
2025-03-30,9PM,5,0,1,501
2025-03-31,2PM,3,9,9,399
2025-03-31,5PM,9,7,8,978
2025-03-31,9PM,3,2,4,324
2025-05-01,2PM,5,0,3,503
2025-05-01,5PM,1,1,3,113
2025-05-01,9PM,1,8,0,180
2025-05-02,2PM,3,6,0,360
2025-05-02,5PM,0,2,5,025
2025-05-02,9PM,3,2,1,321
2025-05-03,2PM,1,6,8,168
2025-05-03,5PM,3,3,3,333
2025-05-03,9PM,6,1,0,610
2025-05-04,2PM,0,8,2,082
2025-05-04,5PM,5,4,5,545
2025-05-04,9PM,5,4,9,549
2025-05-05,2PM,0,8,0,080
2025-05-05,5PM,0,7,4,074
2025-05-05,9PM,7,7,7,777
2025-05-06,2PM,0,7,4,074
2025-05-06,5PM,1,2,7,127
2025-05-06,9PM,9,2,9,929
2025-05-07,2PM,2,2,3,223
2025-05-07,5PM,2,9,0,290
2025-05-07,9PM,1,5,5,155
2025-05-08,2PM,3,5,3,353
2025-05-08,5PM,0,2,0,020
2025-05-08,9PM,6,1,9,619
2025-05-09,2PM,9,6,0,960
2025-05-09,5PM,1,3,1,131
2025-05-09,9PM,7,9,2,792
2025-05-10,2PM,3,7,7,377
2025-05-10,5PM,9,4,4,944
2025-05-10,9PM,5,0,9,509
2025-05-11,2PM,5,6,5,565
2025-05-11,5PM,0,4,2,042
2025-05-11,9PM,0,9,3,093
2025-05-12,2PM,5,1,8,518
2025-05-12,5PM,8,5,6,856
2025-05-12,9PM,3,2,3,323
2025-05-13,2PM,0,7,1,071
2025-05-13,5PM,3,3,7,337
2025-05-13,9PM,2,4,8,248
2025-05-14,2PM,5,3,3,533
2025-05-14,5PM,4,0,7,407
2025-05-14,9PM,6,0,7,607
2025-05-15,2PM,1,7,3,173
2025-05-15,5PM,9,7,9,979
2025-05-15,9PM,3,6,6,366
2025-05-16,2PM,9,0,6,906
2025-05-16,5PM,0,6,0,060
2025-05-16,9PM,8,2,5,825
2025-05-17,2PM,4,2,2,422
2025-05-17,5PM,3,9,0,390
2025-05-17,9PM,4,1,4,414
2025-05-18,2PM,9,5,6,956
2025-05-18,5PM,4,2,4,424
2025-05-18,9PM,8,1,8,818
2025-05-19,2PM,8,6,7,867
2025-05-19,5PM,2,5,5,255
2025-05-19,9PM,1,9,8,198
2025-05-20,2PM,5,7,3,573
2025-05-20,5PM,7,7,4,774
2025-05-20,9PM,8,9,9,899
2025-05-21,2PM,3,6,3,363
2025-05-21,5PM,8,2,0,820
2025-05-21,9PM,6,6,8,668
2025-05-22,2PM,7,3,2,732
2025-05-22,5PM,2,5,0,250
2025-05-22,9PM,3,5,0,350
2025-05-23,2PM,9,2,3,923
2025-05-23,5PM,6,0,5,605
2025-05-23,9PM,4,1,0,410
2025-05-24,2PM,2,8,6,286
2025-05-24,5PM,6,4,5,645
2025-05-24,9PM,5,9,6,596
2025-05-25,2PM,0,9,4,094
2025-05-25,5PM,8,6,1,861
2025-05-25,9PM,0,7,7,077
2025-05-26,2PM,3,3,4,334
2025-05-26,5PM,4,4,7,447
2025-05-26,9PM,2,6,1,261
2025-05-27,2PM,2,2,4,224
2025-05-27,5PM,1,9,3,193
2025-05-27,9PM,2,0,5,205
2025-05-28,2PM,8,6,6,866
2025-05-28,5PM,2,2,0,220
2025-05-28,9PM,5,0,1,501
2025-05-29,2PM,6,9,9,699
2025-05-29,5PM,3,4,6,346
2025-05-29,9PM,0,1,5,015
2025-05-30,2PM,1,8,1,181
2025-05-30,5PM,6,6,4,664
2025-05-30,9PM,7,6,2,762
2025-05-31,2PM,2,1,7,217
2025-05-31,5PM,6,9,7,697
2025-05-31,9PM,2,3,6,236
2025-08-01,2PM,2,9,2,292
2025-08-01,5PM,3,1,3,313
2025-08-01,9PM,2,8,7,287
2025-08-02,2PM,0,2,1,021
2025-08-02,5PM,5,8,8,588
2025-08-02,9PM,3,2,5,325
2025-08-03,2PM,1,5,1,151
2025-08-03,5PM,2,6,6,266
2025-08-03,9PM,2,4,9,249
2025-08-04,2PM,8,8,9,889
2025-08-04,5PM,1,9,3,193
2025-08-04,9PM,3,3,6,336
2025-08-05,2PM,0,0,5,005
2025-08-05,5PM,3,4,1,341
2025-08-05,9PM,3,4,2,342
2025-08-06,2PM,3,2,6,326
2025-08-06,5PM,3,5,4,354
2025-08-06,9PM,5,7,8,578
2025-08-07,2PM,6,5,8,658
2025-08-07,5PM,5,2,4,524
2025-08-07,9PM,0,5,2,052
2025-08-08,2PM,5,4,7,547
2025-08-08,5PM,8,5,0,850
2025-08-08,9PM,3,0,2,302
2025-08-09,2PM,9,6,8,968
2025-08-09,5PM,7,4,1,741
2025-08-09,9PM,0,4,6,046
2025-08-10,2PM,6,1,1,611
2025-08-10,5PM,2,6,8,268
2025-08-10,9PM,8,8,7,887
2025-08-11,2PM,8,1,2,812
2025-08-11,5PM,4,2,2,422
2025-08-11,9PM,8,8,9,889
2025-08-12,2PM,7,4,8,748
2025-08-12,5PM,3,3,0,330
2025-08-12,9PM,7,0,2,702
2025-08-13,2PM,6,4,1,641
2025-08-13,5PM,6,6,3,663
2025-08-13,9PM,1,3,9,139
2025-08-14,2PM,5,3,5,535
2025-08-14,5PM,9,7,8,978
2025-08-14,9PM,7,4,6,746
2025-08-15,2PM,2,3,2,232
2025-08-15,5PM,3,3,6,336
2025-08-15,9PM,1,9,1,191
2025-08-16,2PM,6,0,1,601
2025-08-16,5PM,9,5,7,957
2025-08-16,9PM,0,3,9,039
2025-08-17,2PM,4,9,9,499
2025-08-17,5PM,2,6,0,260
2025-08-17,9PM,7,1,7,717
2025-08-18,2PM,9,2,0,920
2025-08-18,5PM,7,9,6,796
2025-08-18,9PM,1,5,3,153
2025-08-19,2PM,7,7,3,773
2025-08-19,5PM,2,6,0,260
2025-08-19,9PM,4,5,9,459
2025-08-20,2PM,1,3,0,130
2025-08-20,5PM,9,0,9,909
2025-08-20,9PM,9,0,6,906
2025-08-21,2PM,9,5,9,959
2025-08-21,5PM,3,6,8,368
2025-08-21,9PM,1,1,4,114
2025-08-22,2PM,8,7,2,872
2025-08-22,5PM,9,3,6,936
2025-08-22,9PM,4,4,0,440
2025-08-23,2PM,5,8,3,583
2025-08-23,5PM,2,7,2,272
2025-08-23,9PM,6,0,3,603
2025-08-24,2PM,6,5,1,651
2025-08-24,5PM,1,0,5,105
2025-08-24,9PM,4,3,5,435
2025-08-25,2PM,7,9,3,793
2025-08-25,5PM,1,8,5,185
2025-08-25,9PM,4,1,7,417
2025-08-26,2PM,7,7,3,773
2025-08-26,5PM,4,8,9,489
2025-08-26,9PM,1,0,7,107
2025-08-27,2PM,7,0,8,708
2025-08-27,5PM,1,0,6,106
2025-08-27,9PM,9,5,9,959
2025-08-28,2PM,7,8,5,785
2025-08-28,5PM,1,5,2,152
2025-08-28,9PM,1,0,3,103
2025-08-29,2PM,8,7,6,876
2025-08-29,5PM,0,4,1,041
2025-08-29,9PM,2,4,3,243
2025-08-30,2PM,2,6,6,266
2025-08-30,5PM,8,6,1,861
2025-08-30,9PM,2,2,7,227
2025-08-31,2PM,5,7,5,575
2025-08-31,5PM,4,8,7,487
2025-08-31,9PM,7,6,8,768
2025-09-01,2PM,2,5,6,256
2025-09-01,5PM,7,5,7,757
2025-09-01,9PM,5,1,5,515
2025-09-02,2PM,7,6,5,765
2025-09-02,5PM,3,8,1,381
2025-09-02,9PM,1,0,6,106
2025-09-03,2PM,9,7,6,976
2025-09-03,5PM,3,0,0,300
2025-09-03,9PM,4,6,2,462
2025-09-04,2PM,0,3,9,039
2025-09-04,5PM,7,6,3,763
2025-09-04,9PM,8,2,1,821
2025-09-05,2PM,6,9,0,690
2025-09-05,5PM,8,5,5,855
2025-09-05,9PM,1,6,6,166
2025-09-06,2PM,7,9,7,797
2025-09-06,5PM,2,4,2,242
2025-09-06,9PM,1,8,3,183
2025-09-07,2PM,4,2,7,427
2025-09-07,5PM,0,6,1,061
2025-09-07,9PM,2,2,7,227
2025-09-08,2PM,1,7,0,170
2025-09-08,5PM,4,9,2,492
2025-09-08,9PM,4,9,2,492
2025-09-09,2PM,1,0,7,107
2025-09-09,5PM,5,1,1,511
2025-09-09,9PM,6,6,3,663
2025-09-10,2PM,0,3,5,035
2025-09-10,5PM,5,9,8,598
2025-09-10,9PM,3,3,8,338
2025-09-11,2PM,6,5,9,659
2025-09-11,5PM,2,8,0,280
2025-09-11,9PM,6,0,7,607
2025-09-12,2PM,0,1,8,018
2025-09-12,5PM,5,7,2,572
2025-09-12,9PM,9,9,6,996
2025-09-13,2PM,5,1,8,518
2025-09-13,5PM,0,1,4,014
2025-09-13,9PM,3,3,0,330
2025-09-14,2PM,5,7,5,575
2025-09-14,5PM,1,4,9,149
2025-09-14,9PM,4,4,9,449
2025-09-15,2PM,6,8,1,681
2025-09-15,5PM,9,8,6,986
2025-09-15,9PM,4,1,2,412
2025-09-16,2PM,2,3,9,239
2025-09-16,5PM,9,5,8,958
2025-09-16,9PM,3,5,9,359
2025-09-17,2PM,8,0,9,809
2025-09-17,5PM,6,4,5,645
2025-09-17,9PM,3,1,0,310
2025-09-18,2PM,2,1,5,215
2025-09-18,5PM,8,2,0,820
2025-09-18,9PM,2,6,2,262
2025-09-19,2PM,1,8,3,183
2025-09-19,5PM,1,6,4,164
2025-09-19,9PM,1,5,5,155
2025-09-20,2PM,4,1,2,412
2025-09-20,5PM,0,8,1,081
2025-09-20,9PM,0,5,5,055
2025-09-21,2PM,4,3,6,436
2025-09-21,5PM,1,3,9,139
2025-09-21,9PM,4,1,0,410
2025-09-22,2PM,3,9,2,392
2025-09-22,5PM,6,9,4,694
2025-09-22,9PM,2,9,0,290
2025-09-23,2PM,7,3,5,735
2025-09-23,5PM,5,2,3,523
2025-09-23,9PM,6,7,6,676
2025-09-24,2PM,6,4,0,640
2025-09-24,5PM,1,3,8,138
2025-09-24,9PM,2,4,1,241
2025-09-25,2PM,9,2,8,928
2025-09-25,5PM,6,1,0,610
2025-09-25,9PM,1,0,9,109
2025-09-26,2PM,5,8,3,583
2025-09-26,5PM,3,0,5,305
2025-09-26,9PM,3,9,6,396
2025-09-27,2PM,3,9,8,398
2025-09-27,5PM,3,3,4,334
2025-09-27,9PM,7,8,2,782
2025-09-28,2PM,1,1,4,114
2025-09-28,5PM,9,6,7,967
2025-09-28,9PM,1,3,3,133
2025-09-29,2PM,9,7,9,979
2025-09-29,5PM,2,0,9,209
2025-09-29,9PM,3,1,5,315
2025-09-30,2PM,7,1,7,717
2025-09-30,5PM,5,3,0,530
2025-09-30,9PM,3,2,5,325
2025-10-01,2PM,8,3,2,832
2025-10-01,5PM,8,0,7,807
2025-10-01,9PM,2,5,1,251
2025-10-02,2PM,6,1,3,613
2025-10-02,5PM,0,9,1,091
2025-10-02,9PM,5,1,5,515
2025-10-03,2PM,8,3,0,830
2025-10-03,5PM,7,7,5,775
2025-10-03,9PM,4,5,0,450
2025-10-04,2PM,0,6,9,069
2025-10-04,5PM,6,3,9,639
2025-10-04,9PM,3,4,0,340
2025-10-05,2PM,7,2,0,720
2025-10-05,5PM,0,0,4,004
2025-10-05,9PM,3,1,6,316
2025-10-06,2PM,6,8,9,689
2025-10-06,5PM,8,8,2,882
2025-10-06,9PM,1,1,1,111
2025-10-07,2PM,0,9,5,095
2025-10-07,5PM,3,6,9,369
2025-10-07,9PM,0,3,4,034
2025-10-08,2PM,6,3,6,636
2025-10-08,5PM,6,9,9,699
2025-10-08,9PM,4,3,0,430
2025-10-09,2PM,8,8,7,887
2025-10-09,5PM,4,2,0,420
2025-10-09,9PM,2,8,0,280
2025-10-10,2PM,9,8,1,981
2025-10-10,5PM,3,3,9,339
2025-10-10,9PM,4,6,8,468
2025-10-11,2PM,9,9,4,994
2025-10-11,5PM,4,8,9,489
2025-10-11,9PM,3,8,7,387
2025-10-12,2PM,8,0,2,802
2025-10-12,5PM,1,9,1,191
2025-10-12,9PM,0,2,8,028
2025-10-13,2PM,3,8,0,380
2025-10-13,5PM,9,7,6,976
2025-10-13,9PM,0,0,2,002
2025-10-14,2PM,9,8,5,985
2025-10-14,5PM,2,1,6,216
2025-10-14,9PM,8,3,0,830
2025-10-15,2PM,0,6,8,068
2025-10-15,5PM,2,3,7,237
2025-10-15,9PM,8,7,4,874
2025-10-16,2PM,4,6,8,468
2025-10-16,5PM,6,0,4,604
2025-10-16,9PM,5,9,4,594
2025-10-17,2PM,6,3,3,633
2025-10-17,5PM,7,2,4,724
2025-10-17,9PM,9,4,3,943
2025-10-18,2PM,2,5,2,252
2025-10-18,5PM,7,8,0,780
2025-10-18,9PM,5,2,9,529
2025-10-19,2PM,8,4,0,840
2025-10-19,5PM,8,1,2,812
2025-10-19,9PM,8,1,4,814
2025-10-20,2PM,2,6,6,266
2025-10-20,5PM,0,4,5,045
2025-10-20,9PM,2,7,8,278
2025-10-21,2PM,8,4,2,842
2025-10-21,5PM,8,8,3,883
2025-10-21,9PM,8,6,2,862
2025-10-22,2PM,6,3,4,634
2025-10-22,5PM,0,0,3,003
2025-10-22,9PM,2,3,7,237
2025-10-23,2PM,3,9,1,391
2025-10-23,5PM,9,6,9,969
2025-10-23,9PM,9,9,2,992
2025-10-24,2PM,3,8,8,388
2025-10-24,5PM,3,1,6,316
2025-10-24,9PM,0,9,9,099
2025-10-25,2PM,8,3,8,838
2025-10-25,5PM,4,2,0,420
2025-10-25,9PM,5,3,6,536
2025-10-26,2PM,3,5,1,351
2025-10-26,5PM,4,3,5,435
2025-10-26,9PM,8,1,4,814
2025-10-27,2PM,6,2,9,629
2025-10-27,5PM,8,7,2,872
2025-10-27,9PM,2,8,5,285
2025-10-28,2PM,0,0,6,006
2025-10-28,5PM,8,1,6,816
2025-10-28,9PM,7,2,1,721
2025-10-29,2PM,2,1,8,218
2025-10-29,5PM,3,3,7,337
2025-10-29,9PM,1,4,6,146
2025-10-30,2PM,1,1,5,115
2025-10-30,5PM,5,2,7,527
2025-10-30,9PM,9,1,3,913
2025-10-31,2PM,1,0,6,106
2025-10-31,5PM,2,6,9,269
2025-10-31,9PM,9,3,3,933
2025-11-01,2PM,1,3,9,139
2025-11-01,5PM,7,0,2,702
2025-11-01,9PM,0,5,1,051
2025-11-02,2PM,0,0,3,003
2025-11-02,5PM,9,8,6,986
2025-11-02,9PM,9,6,8,968
2025-11-03,2PM,7,2,3,723
2025-11-03,5PM,2,8,3,283
2025-11-03,9PM,7,5,4,754
2025-11-04,2PM,2,8,7,287
2025-11-04,5PM,2,3,8,238
2025-11-04,9PM,4,7,4,474
2025-11-05,2PM,0,0,0,000
2025-11-05,5PM,6,3,0,630
2025-11-05,9PM,1,7,1,171
2025-11-06,2PM,0,3,9,039
2025-11-06,5PM,4,3,6,436
2025-11-06,9PM,0,6,3,063
2025-11-07,2PM,3,8,0,380
2025-11-07,5PM,6,5,3,653
2025-11-07,9PM,6,5,0,650
2025-11-08,2PM,9,7,8,978
2025-11-08,5PM,5,4,4,544
2025-11-08,9PM,1,4,5,145
2025-11-09,2PM,3,8,0,380
2025-11-09,5PM,1,4,0,140
2025-11-09,9PM,5,0,0,500
2025-11-10,2PM,2,3,7,237
2025-11-10,5PM,1,1,2,112
2025-11-10,9PM,1,5,7,157
2025-11-11,2PM,0,9,4,094
2025-11-11,5PM,0,4,6,046
2025-11-11,9PM,9,5,6,956
2025-11-12,2PM,4,8,7,487
2025-11-12,5PM,9,8,1,981
2025-11-12,9PM,1,2,3,123
2025-11-13,2PM,4,4,3,443
2025-11-13,5PM,4,0,3,403
2025-11-13,9PM,7,7,3,773
2025-11-14,2PM,3,8,7,387
2025-11-14,5PM,7,0,2,702
2025-11-14,9PM,7,7,7,777
2025-11-15,2PM,6,3,6,636
2025-11-15,5PM,7,6,6,766
2025-11-15,9PM,3,7,4,374
2025-11-16,2PM,1,7,3,173
2025-11-16,5PM,5,6,0,560
2025-11-16,9PM,7,0,9,709
2025-11-17,2PM,0,5,3,053
2025-11-17,5PM,7,6,8,768
2025-11-17,9PM,2,3,4,234
2025-11-18,2PM,7,3,5,735
2025-11-18,5PM,2,5,3,253
2025-11-18,9PM,0,1,7,017
2025-11-19,2PM,5,1,6,516
2025-11-19,5PM,2,0,2,202
2025-11-19,9PM,2,7,8,278
2025-11-20,2PM,2,8,6,286
2025-11-20,5PM,1,9,2,192
2025-11-20,9PM,3,5,8,358
2025-11-21,2PM,4,8,3,483
2025-11-21,5PM,3,9,3,393
2025-11-21,9PM,1,9,4,194
2025-11-22,2PM,5,1,6,516
2025-11-22,5PM,6,3,2,632
2025-11-22,9PM,2,1,6,216
2025-11-23,2PM,0,7,2,072
2025-11-23,5PM,2,1,8,218
2025-11-23,9PM,6,3,0,630
2025-11-24,2PM,7,3,8,738
2025-11-24,5PM,2,5,6,256
2025-11-24,9PM,1,7,5,175
2025-11-26,2PM,6,0,1,601
2025-11-26,5PM,8,4,4,844
2025-11-26,9PM,2,9,2,292
2025-11-27,2PM,0,6,6,066
2025-11-27,5PM,0,4,9,049
2025-11-27,9PM,2,4,5,245
2025-11-28,2PM,4,4,1,441
2025-11-28,5PM,6,8,4,684
2025-11-28,9PM,6,3,2,632
2025-11-29,2PM,3,4,7,347
2025-11-29,5PM,2,6,2,262
2025-11-29,9PM,5,9,0,590
2025-11-30,2PM,3,8,6,386
2025-11-30,5PM,3,0,8,308
2025-11-30,9PM,3,5,4,354
2025-12-01,2PM,6,6,6,666
2025-12-01,5PM,0,6,3,063
2025-12-01,9PM,4,7,1,471
2025-12-02,2PM,2,4,4,244
2025-12-02,5PM,5,5,1,551
2025-12-02,9PM,7,1,7,717
2025-12-03,2PM,7,0,0,700
2025-12-03,5PM,0,9,6,096
2025-12-03,9PM,6,4,2,642
2025-12-04,2PM,4,8,2,482
2025-12-04,5PM,6,6,2,662
2025-12-04,9PM,3,9,0,390
2025-12-05,2PM,2,4,4,244
2025-12-05,5PM,5,0,0,500
2025-12-05,9PM,9,9,6,996
2025-12-06,2PM,7,3,0,730
2025-12-06,5PM,6,1,7,617
2025-12-06,9PM,8,2,7,827
2025-12-07,2PM,2,5,5,255
2025-12-07,5PM,8,9,2,892
2025-12-07,9PM,1,2,6,126
2025-12-08,2PM,8,4,4,844
2025-12-08,5PM,0,2,0,020
2025-12-08,9PM,6,3,9,639
2025-12-09,2PM,5,0,5,505
2025-12-09,5PM,1,7,0,170
2025-12-09,9PM,0,1,9,019
2025-12-11,2PM,6,9,2,692
2025-12-11,5PM,1,9,1,191
2025-12-11,9PM,9,1,9,919
2025-12-12,2PM,0,7,2,072
2025-12-12,5PM,0,6,0,060
2025-12-12,9PM,3,0,6,306
2025-12-13,2PM,9,3,9,939
2025-12-13,5PM,1,7,7,177
2025-12-13,9PM,9,8,3,983
2025-12-14,2PM,0,6,3,063
2025-12-14,5PM,7,8,7,787
2025-12-14,9PM,5,0,4,504
2025-12-15,2PM,0,2,2,022
2025-12-15,5PM,3,3,7,337
2025-12-15,9PM,7,5,6,756
2025-12-16,2PM,5,2,5,525
2025-12-16,5PM,4,7,5,475
2025-12-16,9PM,6,0,4,604
2025-12-17,2PM,9,4,4,944
2025-12-17,5PM,2,9,6,296
2025-12-17,9PM,3,7,2,372
2025-12-19,2PM,2,0,5,205
2025-12-19,5PM,7,6,3,763
2025-12-19,9PM,0,3,9,039
2025-12-20,2PM,3,0,5,305
2025-12-20,5PM,3,2,9,329
2025-12-20,9PM,6,5,5,655
2025-12-21,2PM,6,5,6,656
2025-12-21,5PM,6,3,0,630
2025-12-21,9PM,0,4,1,041
2025-12-22,2PM,3,4,2,342
2025-12-22,5PM,9,6,2,962
2025-12-22,9PM,9,4,4,944
2025-12-23,2PM,1,0,5,105
2025-12-23,5PM,6,2,9,629
2025-12-23,9PM,3,1,7,317
2025-12-24,2PM,6,2,5,625
2025-12-24,5PM,9,8,1,981
2025-12-24,9PM,9,4,6,946
2025-12-25,2PM,2,4,3,243
2025-12-25,5PM,8,6,0,860
2025-12-25,9PM,8,6,4,864
2025-12-26,2PM,1,2,9,129
2025-12-26,5PM,2,7,2,272
2025-12-26,9PM,9,3,2,932
2025-12-27,2PM,2,8,3,283
2025-12-27,5PM,1,6,2,162
2025-12-27,9PM,9,1,0,910
2025-12-28,2PM,8,7,5,875
2025-12-28,5PM,9,7,9,979
2025-12-28,9PM,4,4,4,444
2025-12-29,2PM,1,5,5,155
2025-12-29,5PM,3,5,8,358
2025-12-29,9PM,5,3,2,532
2025-12-30,2PM,7,7,6,776
2025-12-30,5PM,3,4,1,341
2025-12-30,9PM,3,1,5,315
2025-12-31,2PM,2,5,8,258
2025-12-31,5PM,0,6,8,068
2025-12-31,9PM,9,5,4,954
2026-01-01,2PM,6,7,5,675
2026-01-01,5PM,6,9,5,695
2026-01-01,9PM,5,0,7,507
2026-01-02,2PM,4,7,9,479
2026-01-02,5PM,8,8,9,889
2026-01-02,9PM,4,9,1,491
2026-01-03,2PM,2,8,0,280
2026-01-03,5PM,7,6,7,767
2026-01-03,9PM,2,0,4,204
2026-01-04,2PM,5,5,8,558
2026-01-04,5PM,6,0,0,600
2026-01-04,9PM,0,4,9,049
2026-01-05,2PM,6,5,8,658
2026-01-05,5PM,1,1,0,110
2026-01-05,9PM,2,9,7,297
2026-01-06,2PM,3,8,8,388
2026-01-06,5PM,3,1,8,318
2026-01-06,9PM,0,4,1,041
2026-01-07,2PM,1,5,1,151
2026-01-07,5PM,8,6,4,864
2026-01-07,9PM,6,5,3,653
2026-01-08,2PM,3,5,2,352
2026-01-08,5PM,2,8,5,285
2026-01-08,9PM,9,2,3,923
2026-01-09,2PM,5,4,8,548
2026-01-09,5PM,3,4,6,346
2026-01-09,9PM,1,0,7,107
2026-01-10,2PM,5,9,0,590
2026-01-10,5PM,9,8,8,988
2026-01-10,9PM,1,3,7,137
2026-01-11,2PM,3,7,2,372
2026-01-11,5PM,4,8,5,485
2026-01-11,9PM,5,9,8,598
2026-01-12,2PM,7,6,1,761
2026-01-12,5PM,9,2,7,927
2026-01-12,9PM,7,1,1,711
2026-01-13,2PM,1,7,5,175
2026-01-13,5PM,4,6,9,469
2026-01-13,9PM,4,8,6,486
2026-01-14,2PM,1,5,1,151
2026-01-14,5PM,6,5,0,650
2026-01-14,9PM,0,6,4,064
2026-01-15,2PM,6,1,5,615
2026-01-15,5PM,6,8,5,685
2026-01-15,9PM,4,1,2,412
2026-01-16,2PM,2,8,1,281
2026-01-16,5PM,2,2,0,220
2026-01-16,9PM,5,9,7,597
2026-01-17,2PM,1,5,4,154
2026-01-17,5PM,6,3,3,633
2026-01-17,9PM,2,1,7,217
2026-01-18,2PM,8,1,6,816
2026-01-18,5PM,8,8,0,880
2026-01-18,9PM,8,6,0,860
2026-01-19,2PM,9,6,3,963
2026-01-19,5PM,5,3,1,531
2026-01-19,9PM,3,0,4,304
2026-01-20,2PM,2,8,6,286
2026-01-20,5PM,4,1,1,411
2026-01-20,9PM,1,0,9,109
2026-01-21,2PM,2,3,1,231
2026-01-21,5PM,8,5,8,858
2026-01-21,9PM,7,3,7,737
2026-01-22,2PM,6,6,6,666
2026-01-22,5PM,1,7,5,175
2026-01-22,9PM,5,3,7,537
2026-01-23,2PM,2,5,0,250
2026-01-23,5PM,0,1,2,012
2026-01-23,9PM,6,5,8,658
2026-01-24,2PM,1,4,2,142
2026-01-24,5PM,1,9,3,193
2026-01-24,9PM,9,5,5,955
2026-01-25,2PM,0,3,0,030
2026-01-25,5PM,7,5,4,754
2026-01-25,9PM,9,0,8,908
2026-01-26,2PM,1,2,4,124
2026-01-26,5PM,6,6,6,666
2026-01-26,9PM,2,8,9,289
2026-01-27,2PM,6,9,2,692
2026-01-27,5PM,6,1,4,614
2026-01-27,9PM,1,3,8,138
2026-01-28,2PM,5,0,7,507
2026-01-28,5PM,6,6,1,661
2026-01-28,9PM,3,1,0,310
2026-01-29,2PM,5,7,9,579
2026-01-29,5PM,8,4,5,845
2026-01-29,9PM,2,3,3,233
2026-01-30,2PM,2,0,9,209
2026-01-30,5PM,3,3,2,332
2026-01-30,9PM,6,6,7,667
2026-01-31,2PM,9,8,7,987
2026-01-31,5PM,9,0,8,908
2026-01-31,9PM,0,1,6,016
2026-02-01,2PM,0,6,3,063
2026-02-01,5PM,1,8,9,189
2026-02-01,9PM,2,4,1,241
2026-02-02,2PM,0,6,3,063
2026-02-02,5PM,8,1,3,813
2026-02-02,9PM,3,9,8,398
2026-02-03,2PM,2,5,1,251
2026-02-03,5PM,4,0,9,409
2026-02-03,9PM,6,4,3,643
2026-02-04,2PM,5,3,3,533
2026-02-04,5PM,8,2,8,828
2026-02-04,9PM,6,2,9,629
2026-02-05,2PM,8,3,2,832
2026-02-05,5PM,1,4,9,149
2026-02-05,9PM,2,7,1,271
2026-02-06,2PM,4,6,2,462
2026-02-06,5PM,1,0,4,104
2026-02-06,9PM,7,0,0,700
2026-02-07,2PM,6,0,8,608
2026-02-07,5PM,1,3,5,135
2026-02-07,9PM,9,4,8,948
2026-02-08,2PM,9,4,5,945
2026-02-08,5PM,8,1,7,817
2026-02-08,9PM,0,7,4,074
2026-02-09,2PM,4,9,6,496
2026-02-09,5PM,1,9,8,198
2026-02-09,9PM,2,0,7,207
2026-02-10,2PM,2,3,1,231
2026-02-10,5PM,9,2,8,928
2026-02-10,9PM,1,3,5,135
2026-02-11,2PM,1,8,1,181
2026-02-11,5PM,2,7,4,274
2026-02-11,9PM,6,6,2,662
2026-02-12,2PM,2,2,0,220
2026-02-12,5PM,2,5,7,257
2026-02-12,9PM,5,0,1,501
2026-02-13,2PM,2,4,1,241
2026-02-13,5PM,0,9,5,095
2026-02-13,9PM,9,9,5,995
2026-02-14,2PM,0,0,9,009
2026-02-14,5PM,2,4,4,244
2026-02-14,9PM,1,5,8,158
2026-02-15,2PM,6,4,7,647
2026-02-15,5PM,3,1,5,315
2026-02-15,9PM,5,3,9,539
2026-02-16,2PM,1,7,8,178
2026-02-16,5PM,0,6,6,066
2026-02-16,9PM,5,3,2,532
2026-02-17,2PM,5,1,2,512
2026-02-17,5PM,2,5,2,252
2026-02-17,9PM,6,5,0,650
2026-02-18,2PM,0,3,8,038
2026-02-18,5PM,3,9,2,392
2026-02-18,9PM,7,6,8,768
2026-02-19,2PM,8,6,0,860
2026-02-19,5PM,5,0,4,504
2026-02-19,9PM,9,1,7,917
2026-02-20,2PM,8,8,2,882
2026-02-20,5PM,1,1,4,114
2026-02-20,9PM,3,0,9,309
2026-02-22,2PM,9,3,0,930
2026-02-22,5PM,1,6,9,169
2026-02-22,9PM,1,7,3,173
2026-02-23,2PM,2,2,8,228
2026-02-23,5PM,4,0,9,409
2026-02-23,9PM,6,7,2,672
2026-02-24,2PM,1,6,7,167
2026-02-24,5PM,6,3,9,639
2026-02-24,9PM,9,4,7,947
2026-02-25,2PM,2,1,6,216
2026-02-25,5PM,9,7,7,977
2026-02-25,9PM,4,0,4,404
2026-02-26,2PM,3,9,5,395
2026-02-26,5PM,8,5,4,854
2026-02-26,9PM,5,2,1,521
2026-02-27,2PM,7,4,5,745
2026-02-27,5PM,4,0,3,403
2026-02-27,9PM,4,7,3,473
2026-02-28,2PM,9,4,1,941
2026-02-28,5PM,9,3,1,931
2026-02-28,9PM,9,0,6,906
2026-05-01,2PM,5,3,9,539
2026-05-01,5PM,7,6,9,769
2026-05-01,9PM,5,3,5,535
2026-05-02,2PM,2,2,0,220
2026-05-02,5PM,7,8,4,784
2026-05-02,9PM,2,7,5,275
2026-05-03,2PM,9,9,0,990
2026-05-03,5PM,7,5,9,759
2026-05-03,9PM,7,5,0,750
2026-05-04,2PM,4,1,1,411
2026-05-04,5PM,1,0,5,105
2026-05-04,9PM,9,2,4,924
2026-05-05,2PM,1,6,7,167
2026-05-05,5PM,4,7,2,472
2026-05-05,9PM,3,7,6,376
2026-05-06,2PM,1,0,2,102
2026-05-06,5PM,6,1,1,611
2026-05-06,9PM,2,7,6,276
2026-05-07,2PM,3,9,6,396
2026-05-07,5PM,6,6,1,661
2026-05-07,9PM,9,4,4,944
2026-05-08,2PM,6,9,3,693
2026-05-08,5PM,2,2,9,229
2026-05-08,9PM,2,1,5,215
2026-05-09,2PM,8,5,2,852
2026-05-09,5PM,6,6,4,664
2026-05-09,9PM,7,1,2,712
2026-05-10,2PM,9,7,6,976
2026-05-10,5PM,3,6,2,362
2026-05-10,9PM,2,6,6,266
2026-05-11,2PM,0,3,4,034
2026-05-11,5PM,3,2,0,320
2026-05-11,9PM,3,0,8,308
2026-05-12,2PM,2,7,0,270
2026-05-12,5PM,5,6,1,561
2026-05-12,9PM,7,0,3,703
2026-05-13,2PM,1,3,0,130
2026-05-13,5PM,3,2,4,324
2026-05-13,9PM,0,3,8,038
2026-05-14,2PM,1,6,7,167
2026-05-14,5PM,7,1,9,719
2026-05-14,9PM,2,0,2,202
2026-05-15,2PM,5,1,2,512
2026-05-15,5PM,5,9,5,595
2026-05-15,9PM,6,6,0,660
2026-05-16,2PM,0,6,9,069
2026-05-16,5PM,7,1,2,712
2026-05-16,9PM,3,6,8,368
2026-05-17,2PM,5,1,9,519
2026-05-17,5PM,2,5,5,255
2026-05-17,9PM,4,3,1,431
2026-05-18,2PM,9,9,3,993
2026-05-18,5PM,1,1,1,111
2026-05-18,9PM,9,3,1,931
2026-05-19,2PM,9,4,0,940
2026-05-19,5PM,7,8,7,787
2026-05-19,9PM,4,7,1,471
2026-05-20,2PM,9,6,7,967
2026-05-20,5PM,3,0,7,307
2026-05-20,9PM,8,9,9,899
2026-05-21,2PM,5,5,7,557
2026-05-21,5PM,8,2,4,824
2026-05-21,9PM,0,8,0,080
2026-05-22,2PM,6,2,1,621
2026-05-22,5PM,0,0,3,003
2026-05-22,9PM,1,5,0,150
2026-05-23,2PM,4,7,9,479
2026-05-23,5PM,0,5,0,050
2026-05-23,9PM,2,8,7,287
2026-05-24,2PM,6,9,7,697
2026-05-24,5PM,5,8,6,586
2026-05-24,9PM,1,6,6,166
2026-05-25,2PM,0,2,6,026
2026-05-25,5PM,9,5,4,954
2026-05-25,9PM,2,8,5,285
2026-05-26,2PM,6,0,5,605
2026-05-26,5PM,7,0,0,700
2026-05-26,9PM,9,3,5,935
2026-05-27,2PM,1,5,2,152
2026-05-27,5PM,9,6,7,967
2026-05-27,9PM,0,0,1,001
2026-05-28,2PM,1,1,0,110
2026-05-28,5PM,4,2,1,421
2026-05-28,9PM,8,6,0,860
2026-05-29,2PM,9,0,4,904
2026-05-29,5PM,7,8,3,783
2026-05-29,9PM,9,6,8,968
2026-05-30,2PM,8,9,9,899
2026-05-30,5PM,0,4,2,042
2026-05-30,9PM,3,6,5,365
2026-05-31,2PM,2,3,4,234
2026-05-31,5PM,3,8,7,387
2026-05-31,9PM,7,5,4,754
2026-08-01,2PM,3,8,8,388
2026-08-01,5PM,4,8,3,483
2026-08-01,9PM,4,5,3,453
2026-08-02,2PM,8,8,1,881
2026-08-02,5PM,9,2,9,929
2026-08-02,9PM,3,5,0,350
2026-08-03,2PM,7,8,2,782
2026-08-03,5PM,2,1,6,216
2026-08-03,9PM,2,0,5,205
2026-08-04,2PM,3,9,5,395
2026-08-04,5PM,2,4,6,246
2026-08-04,9PM,3,8,2,382
2026-08-05,2PM,8,0,6,806
2026-08-05,5PM,5,6,2,562
2026-08-05,9PM,7,2,8,728
2026-08-06,2PM,6,7,7,677
2026-08-06,5PM,9,3,2,932
2026-08-06,9PM,3,4,4,344
2026-08-07,2PM,9,7,2,972
2026-08-07,5PM,1,0,9,109
2026-08-07,9PM,5,6,9,569
2026-08-08,2PM,4,7,3,473
2026-08-08,5PM,1,5,9,159
2026-08-08,9PM,4,7,6,476
2026-08-09,2PM,7,0,4,704
2026-08-09,5PM,8,7,9,879
2026-08-09,9PM,1,8,0,180
2026-08-10,2PM,9,8,7,987
2026-08-10,5PM,2,8,0,280
2026-08-10,9PM,7,0,3,703
2026-08-11,2PM,9,3,8,938
2026-08-11,5PM,7,7,9,779
2026-08-11,9PM,8,8,7,887
2026-08-12,2PM,4,1,8,418
2026-08-12,5PM,4,0,1,401
2026-08-12,9PM,6,9,6,696
2026-08-13,2PM,3,1,7,317
2026-08-13,5PM,4,1,7,417
2026-08-13,9PM,1,0,7,107
2026-08-14,2PM,1,0,5,105
2026-08-14,5PM,5,4,6,546
2026-08-14,9PM,5,0,3,503
2026-08-15,2PM,4,2,3,423
2026-08-15,5PM,5,6,0,560
2026-08-15,9PM,7,3,2,732
2026-08-16,2PM,6,9,5,695
2026-08-16,5PM,7,8,4,784
2026-08-16,9PM,9,4,4,944
2026-08-17,2PM,3,5,3,353
2026-08-17,5PM,3,3,1,331
2026-08-17,9PM,5,8,0,580
2026-08-18,2PM,2,7,7,277
2026-08-18,5PM,7,4,0,740
2026-08-18,9PM,0,4,8,048
2026-08-19,2PM,8,3,0,830
2026-08-19,5PM,0,0,1,001
2026-08-19,9PM,7,5,7,757
2026-08-20,2PM,4,7,1,471
2026-08-20,5PM,2,4,3,243
2026-08-20,9PM,2,7,9,279
2026-08-21,2PM,7,7,7,777
2026-08-21,5PM,4,2,3,423
2026-08-21,9PM,0,1,8,018
2026-08-22,2PM,0,5,8,058
2026-08-22,5PM,5,2,8,528
2026-08-22,9PM,5,1,2,512
2026-08-23,2PM,7,6,2,762
2026-08-23,5PM,5,8,2,582
2026-08-23,9PM,0,0,0,000
2026-08-24,2PM,1,1,7,117
2026-08-24,5PM,1,6,4,164
2026-08-24,9PM,4,3,5,435
2026-08-25,2PM,3,3,9,339
2026-08-25,5PM,7,2,6,726
2026-08-25,9PM,1,9,4,194
2026-08-26,2PM,3,1,0,310
2026-08-26,5PM,8,5,6,856
2026-08-26,9PM,0,7,5,075
